model,k,param,train,cv
LogReg,4,C=0.1,0.744,0.718
LogReg,4,C=1,0.718,0.668
LogReg,4,C=10,0.718,0.639
MLP,4,"h=(4,),relu",0.795,0.743
MLP,4,"h=(4,),tanh",1.0,0.746
MLP,4,"h=(4, 2),relu",0.795,0.718
MLP,4,"h=(4, 2),tanh",0.974,0.646
SVM,4,"C=1,linear",0.744,0.693
SVM,4,"C=1,rbf",0.744,0.643
SVM,4,"C=10,linear",0.744,0.664
SVM,4,"C=10,rbf",0.897,0.668
DT,4,"d=3,leaf=1",0.897,0.536
DT,4,"d=3,leaf=3",0.846,0.611
DT,4,"d=3,leaf=9",0.744,0.646
DT,4,"d=5,leaf=1",1.0,0.689
DT,4,"d=5,leaf=3",0.897,0.639
DT,4,"d=5,leaf=9",0.744,0.646
DT,4,"d=None,leaf=1",1.0,0.689
DT,4,"d=None,leaf=3",0.897,0.639
DT,4,"d=None,leaf=9",0.744,0.646
RF,4,"n=10,d=3,leaf=1",0.897,0.671
RF,4,"n=10,d=3,leaf=3",0.897,0.721
RF,4,"n=10,d=3,leaf=9",0.744,0.693
RF,4,"n=10,d=5,leaf=1",0.974,0.643
RF,4,"n=10,d=5,leaf=3",0.872,0.668
RF,4,"n=10,d=5,leaf=9",0.821,0.618
RF,4,"n=10,d=None,leaf=1",0.974,0.668
RF,4,"n=10,d=None,leaf=3",0.897,0.675
RF,4,"n=10,d=None,leaf=9",0.821,0.725
RF,4,"n=50,d=3,leaf=1",0.897,0.646
RF,4,"n=50,d=3,leaf=3",0.872,0.668
RF,4,"n=50,d=3,leaf=9",0.821,0.718
RF,4,"n=50,d=5,leaf=1",0.974,0.668
RF,4,"n=50,d=5,leaf=3",0.897,0.696
RF,4,"n=50,d=5,leaf=9",0.821,0.7
RF,4,"n=50,d=None,leaf=1",1.0,0.618
RF,4,"n=50,d=None,leaf=3",0.872,0.668
RF,4,"n=50,d=None,leaf=9",0.795,0.671
RF,4,"n=100,d=3,leaf=1",0.923,0.643
RF,4,"n=100,d=3,leaf=3",0.872,0.696
RF,4,"n=100,d=3,leaf=9",0.846,0.75
RF,4,"n=100,d=5,leaf=1",1.0,0.618
RF,4,"n=100,d=5,leaf=3",0.872,0.668
RF,4,"n=100,d=5,leaf=9",0.846,0.75
RF,4,"n=100,d=None,leaf=1",1.0,0.646
RF,4,"n=100,d=None,leaf=3",0.897,0.668
RF,4,"n=100,d=None,leaf=9",0.846,0.75
XGB,4,"n=10,d=3,lr=0.05",0.667,0.668
XGB,4,"n=10,d=3,lr=0.1",0.897,0.7
XGB,4,"n=10,d=6,lr=0.05",0.667,0.668
XGB,4,"n=10,d=6,lr=0.1",0.897,0.7
XGB,4,"n=50,d=3,lr=0.05",0.949,0.639
XGB,4,"n=50,d=3,lr=0.1",0.923,0.718
XGB,4,"n=50,d=6,lr=0.05",0.949,0.639
XGB,4,"n=50,d=6,lr=0.1",0.923,0.718
XGB,4,"n=100,d=3,lr=0.05",0.923,0.718
XGB,4,"n=100,d=3,lr=0.1",0.949,0.718
XGB,4,"n=100,d=6,lr=0.05",0.923,0.718
XGB,4,"n=100,d=6,lr=0.1",0.949,0.718
CatBoost,4,"n=10,d=3,lr=0.05",0.846,0.693
CatBoost,4,"n=10,d=3,lr=0.1",0.846,0.668
CatBoost,4,"n=10,d=6,lr=0.05",0.846,0.668
CatBoost,4,"n=10,d=6,lr=0.1",0.846,0.693
CatBoost,4,"n=50,d=3,lr=0.05",0.821,0.725
CatBoost,4,"n=50,d=3,lr=0.1",0.897,0.668
CatBoost,4,"n=50,d=6,lr=0.05",0.872,0.668
CatBoost,4,"n=50,d=6,lr=0.1",0.949,0.693
CatBoost,4,"n=100,d=3,lr=0.05",0.872,0.668
CatBoost,4,"n=100,d=3,lr=0.1",0.923,0.664
CatBoost,4,"n=100,d=6,lr=0.05",0.949,0.664
CatBoost,4,"n=100,d=6,lr=0.1",1.0,0.714
LogReg,5,C=0.1,0.692,0.668
LogReg,5,C=1,0.718,0.668
LogReg,5,C=10,0.769,0.721
MLP,5,"h=(5,),relu",0.846,0.771
MLP,5,"h=(5,),tanh",1.0,0.589
MLP,5,"h=(5, 2),relu",0.923,0.696
MLP,5,"h=(5, 2),tanh",1.0,0.7
SVM,5,"C=1,linear",0.744,0.693
SVM,5,"C=1,rbf",0.744,0.668
SVM,5,"C=10,linear",0.718,0.664
SVM,5,"C=10,rbf",0.846,0.693
DT,5,"d=3,leaf=1",0.872,0.611
DT,5,"d=3,leaf=3",0.872,0.611
DT,5,"d=3,leaf=9",0.744,0.646
DT,5,"d=5,leaf=1",0.974,0.639
DT,5,"d=5,leaf=3",0.897,0.664
DT,5,"d=5,leaf=9",0.744,0.646
DT,5,"d=None,leaf=1",1.0,0.714
DT,5,"d=None,leaf=3",0.897,0.614
DT,5,"d=None,leaf=9",0.744,0.646
RF,5,"n=10,d=3,leaf=1",0.897,0.668
RF,5,"n=10,d=3,leaf=3",0.872,0.643
RF,5,"n=10,d=3,leaf=9",0.718,0.721
RF,5,"n=10,d=5,leaf=1",1.0,0.668
RF,5,"n=10,d=5,leaf=3",0.872,0.721
RF,5,"n=10,d=5,leaf=9",0.795,0.775
RF,5,"n=10,d=None,leaf=1",0.974,0.643
RF,5,"n=10,d=None,leaf=3",0.872,0.7
RF,5,"n=10,d=None,leaf=9",0.769,0.618
RF,5,"n=50,d=3,leaf=1",0.897,0.718
RF,5,"n=50,d=3,leaf=3",0.872,0.721
RF,5,"n=50,d=3,leaf=9",0.846,0.668
RF,5,"n=50,d=5,leaf=1",1.0,0.696
RF,5,"n=50,d=5,leaf=3",0.872,0.668
RF,5,"n=50,d=5,leaf=9",0.795,0.646
RF,5,"n=50,d=None,leaf=1",1.0,0.671
RF,5,"n=50,d=None,leaf=3",0.897,0.725
RF,5,"n=50,d=None,leaf=9",0.795,0.668
RF,5,"n=100,d=3,leaf=1",0.897,0.693
RF,5,"n=100,d=3,leaf=3",0.872,0.671
RF,5,"n=100,d=3,leaf=9",0.846,0.668
RF,5,"n=100,d=5,leaf=1",1.0,0.696
RF,5,"n=100,d=5,leaf=3",0.872,0.668
RF,5,"n=100,d=5,leaf=9",0.821,0.618
RF,5,"n=100,d=None,leaf=1",1.0,0.621
RF,5,"n=100,d=None,leaf=3",0.897,0.668
RF,5,"n=100,d=None,leaf=9",0.821,0.668
XGB,5,"n=10,d=3,lr=0.05",0.667,0.668
XGB,5,"n=10,d=3,lr=0.1",0.872,0.7
XGB,5,"n=10,d=6,lr=0.05",0.667,0.668
XGB,5,"n=10,d=6,lr=0.1",0.872,0.7
XGB,5,"n=50,d=3,lr=0.05",0.923,0.618
XGB,5,"n=50,d=3,lr=0.1",0.949,0.668
XGB,5,"n=50,d=6,lr=0.05",0.923,0.646
XGB,5,"n=50,d=6,lr=0.1",0.949,0.696
XGB,5,"n=100,d=3,lr=0.05",0.949,0.668
XGB,5,"n=100,d=3,lr=0.1",0.949,0.668
XGB,5,"n=100,d=6,lr=0.05",0.949,0.668
XGB,5,"n=100,d=6,lr=0.1",0.949,0.668
CatBoost,5,"n=10,d=3,lr=0.05",0.769,0.668
CatBoost,5,"n=10,d=3,lr=0.1",0.769,0.668
CatBoost,5,"n=10,d=6,lr=0.05",0.872,0.696
CatBoost,5,"n=10,d=6,lr=0.1",0.872,0.696
CatBoost,5,"n=50,d=3,lr=0.05",0.872,0.75
CatBoost,5,"n=50,d=3,lr=0.1",0.897,0.725
CatBoost,5,"n=50,d=6,lr=0.05",0.897,0.725
CatBoost,5,"n=50,d=6,lr=0.1",0.949,0.668
CatBoost,5,"n=100,d=3,lr=0.05",0.897,0.693
CatBoost,5,"n=100,d=3,lr=0.1",0.923,0.668
CatBoost,5,"n=100,d=6,lr=0.05",0.949,0.693
CatBoost,5,"n=100,d=6,lr=0.1",1.0,0.643
LogReg,6,C=0.1,0.692,0.668
LogReg,6,C=1,0.718,0.668
LogReg,6,C=10,0.744,0.664
MLP,6,"h=(6,),relu",0.897,0.664
MLP,6,"h=(6,),tanh",1.0,0.639
MLP,6,"h=(6, 3),relu",0.897,0.671
MLP,6,"h=(6, 3),tanh",1.0,0.718
SVM,6,"C=1,linear",0.744,0.693
SVM,6,"C=1,rbf",0.769,0.618
SVM,6,"C=10,linear",0.769,0.639
SVM,6,"C=10,rbf",0.872,0.693
DT,6,"d=3,leaf=1",0.872,0.586
DT,6,"d=3,leaf=3",0.872,0.611
DT,6,"d=3,leaf=9",0.744,0.646
DT,6,"d=5,leaf=1",0.974,0.614
DT,6,"d=5,leaf=3",0.897,0.664
DT,6,"d=5,leaf=9",0.744,0.621
DT,6,"d=None,leaf=1",1.0,0.614
DT,6,"d=None,leaf=3",0.897,0.614
DT,6,"d=None,leaf=9",0.744,0.621
RF,6,"n=10,d=3,leaf=1",0.897,0.696
RF,6,"n=10,d=3,leaf=3",0.795,0.671
RF,6,"n=10,d=3,leaf=9",0.718,0.675
RF,6,"n=10,d=5,leaf=1",0.974,0.725
RF,6,"n=10,d=5,leaf=3",0.872,0.593
RF,6,"n=10,d=5,leaf=9",0.769,0.7
RF,6,"n=10,d=None,leaf=1",1.0,0.671
RF,6,"n=10,d=None,leaf=3",0.821,0.664
RF,6,"n=10,d=None,leaf=9",0.846,0.668
RF,6,"n=50,d=3,leaf=1",0.923,0.646
RF,6,"n=50,d=3,leaf=3",0.872,0.696
RF,6,"n=50,d=3,leaf=9",0.846,0.643
RF,6,"n=50,d=5,leaf=1",1.0,0.646
RF,6,"n=50,d=5,leaf=3",0.897,0.721
RF,6,"n=50,d=5,leaf=9",0.821,0.668
RF,6,"n=50,d=None,leaf=1",1.0,0.621
RF,6,"n=50,d=None,leaf=3",0.872,0.671
RF,6,"n=50,d=None,leaf=9",0.821,0.668
RF,6,"n=100,d=3,leaf=1",0.923,0.7
RF,6,"n=100,d=3,leaf=3",0.872,0.696
RF,6,"n=100,d=3,leaf=9",0.821,0.646
RF,6,"n=100,d=5,leaf=1",1.0,0.621
RF,6,"n=100,d=5,leaf=3",0.897,0.721
RF,6,"n=100,d=5,leaf=9",0.821,0.693
RF,6,"n=100,d=None,leaf=1",1.0,0.7
RF,6,"n=100,d=None,leaf=3",0.897,0.725
RF,6,"n=100,d=None,leaf=9",0.769,0.746
XGB,6,"n=10,d=3,lr=0.05",0.667,0.668
XGB,6,"n=10,d=3,lr=0.1",0.872,0.7
XGB,6,"n=10,d=6,lr=0.05",0.667,0.668
XGB,6,"n=10,d=6,lr=0.1",0.872,0.7
XGB,6,"n=50,d=3,lr=0.05",0.923,0.618
XGB,6,"n=50,d=3,lr=0.1",0.949,0.668
XGB,6,"n=50,d=6,lr=0.05",0.923,0.646
XGB,6,"n=50,d=6,lr=0.1",0.949,0.696
XGB,6,"n=100,d=3,lr=0.05",0.949,0.668
XGB,6,"n=100,d=3,lr=0.1",0.949,0.668
XGB,6,"n=100,d=6,lr=0.05",0.949,0.668
XGB,6,"n=100,d=6,lr=0.1",0.949,0.668
CatBoost,6,"n=10,d=3,lr=0.05",0.821,0.725
CatBoost,6,"n=10,d=3,lr=0.1",0.821,0.696
CatBoost,6,"n=10,d=6,lr=0.05",0.872,0.721
CatBoost,6,"n=10,d=6,lr=0.1",0.872,0.721
CatBoost,6,"n=50,d=3,lr=0.05",0.846,0.696
CatBoost,6,"n=50,d=3,lr=0.1",0.897,0.693
CatBoost,6,"n=50,d=6,lr=0.05",0.897,0.75
CatBoost,6,"n=50,d=6,lr=0.1",0.949,0.721
CatBoost,6,"n=100,d=3,lr=0.05",0.897,0.696
CatBoost,6,"n=100,d=3,lr=0.1",0.923,0.718
CatBoost,6,"n=100,d=6,lr=0.05",0.949,0.696
CatBoost,6,"n=100,d=6,lr=0.1",1.0,0.618
LogReg,7,C=0.1,0.718,0.668
LogReg,7,C=1,0.718,0.668
LogReg,7,C=10,0.769,0.664
MLP,7,"h=(7,),relu",1.0,0.668
MLP,7,"h=(7,),tanh",0.949,0.611
MLP,7,"h=(7, 3),relu",0.846,0.614
MLP,7,"h=(7, 3),tanh",1.0,0.582
SVM,7,"C=1,linear",0.769,0.693
SVM,7,"C=1,rbf",0.769,0.618
SVM,7,"C=10,linear",0.795,0.661
SVM,7,"C=10,rbf",0.872,0.693
DT,7,"d=3,leaf=1",0.872,0.636
DT,7,"d=3,leaf=3",0.846,0.636
DT,7,"d=3,leaf=9",0.769,0.646
DT,7,"d=5,leaf=1",1.0,0.614
DT,7,"d=5,leaf=3",0.923,0.664
DT,7,"d=5,leaf=9",0.769,0.646
DT,7,"d=None,leaf=1",1.0,0.664
DT,7,"d=None,leaf=3",0.923,0.614
DT,7,"d=None,leaf=9",0.769,0.621
RF,7,"n=10,d=3,leaf=1",0.897,0.746
RF,7,"n=10,d=3,leaf=3",0.846,0.771
RF,7,"n=10,d=3,leaf=9",0.718,0.671
RF,7,"n=10,d=5,leaf=1",0.974,0.646
RF,7,"n=10,d=5,leaf=3",0.897,0.646
RF,7,"n=10,d=5,leaf=9",0.795,0.693
RF,7,"n=10,d=None,leaf=1",0.974,0.646
RF,7,"n=10,d=None,leaf=3",0.846,0.725
RF,7,"n=10,d=None,leaf=9",0.846,0.668
RF,7,"n=50,d=3,leaf=1",0.923,0.725
RF,7,"n=50,d=3,leaf=3",0.872,0.725
RF,7,"n=50,d=3,leaf=9",0.769,0.668
RF,7,"n=50,d=5,leaf=1",1.0,0.671
RF,7,"n=50,d=5,leaf=3",0.872,0.725
RF,7,"n=50,d=5,leaf=9",0.821,0.725
RF,7,"n=50,d=None,leaf=1",1.0,0.7
RF,7,"n=50,d=None,leaf=3",0.897,0.671
RF,7,"n=50,d=None,leaf=9",0.821,0.618
RF,7,"n=100,d=3,leaf=1",0.897,0.725
RF,7,"n=100,d=3,leaf=3",0.897,0.725
RF,7,"n=100,d=3,leaf=9",0.795,0.7
RF,7,"n=100,d=5,leaf=1",1.0,0.675
RF,7,"n=100,d=5,leaf=3",0.846,0.696
RF,7,"n=100,d=5,leaf=9",0.795,0.725
RF,7,"n=100,d=None,leaf=1",1.0,0.675
RF,7,"n=100,d=None,leaf=3",0.897,0.725
RF,7,"n=100,d=None,leaf=9",0.795,0.7
XGB,7,"n=10,d=3,lr=0.05",0.667,0.668
XGB,7,"n=10,d=3,lr=0.1",0.897,0.7
XGB,7,"n=10,d=6,lr=0.05",0.667,0.668
XGB,7,"n=10,d=6,lr=0.1",0.872,0.7
XGB,7,"n=50,d=3,lr=0.05",0.923,0.614
XGB,7,"n=50,d=3,lr=0.1",0.949,0.725
XGB,7,"n=50,d=6,lr=0.05",0.923,0.7
XGB,7,"n=50,d=6,lr=0.1",0.949,0.668
XGB,7,"n=100,d=3,lr=0.05",0.949,0.668
XGB,7,"n=100,d=3,lr=0.1",0.949,0.693
XGB,7,"n=100,d=6,lr=0.05",0.949,0.668
XGB,7,"n=100,d=6,lr=0.1",0.949,0.693
CatBoost,7,"n=10,d=3,lr=0.05",0.846,0.725
CatBoost,7,"n=10,d=3,lr=0.1",0.846,0.725
CatBoost,7,"n=10,d=6,lr=0.05",0.846,0.75
CatBoost,7,"n=10,d=6,lr=0.1",0.872,0.75
CatBoost,7,"n=50,d=3,lr=0.05",0.846,0.725
CatBoost,7,"n=50,d=3,lr=0.1",0.872,0.725
CatBoost,7,"n=50,d=6,lr=0.05",0.897,0.725
CatBoost,7,"n=50,d=6,lr=0.1",0.923,0.671
CatBoost,7,"n=100,d=3,lr=0.05",0.846,0.75
CatBoost,7,"n=100,d=3,lr=0.1",0.923,0.643
CatBoost,7,"n=100,d=6,lr=0.05",0.974,0.7
CatBoost,7,"n=100,d=6,lr=0.1",1.0,0.643
LogReg,8,C=0.1,0.718,0.668
LogReg,8,C=1,0.744,0.696
LogReg,8,C=10,0.821,0.686
MLP,8,"h=(8,),relu",1.0,0.743
MLP,8,"h=(8,),tanh",1.0,0.718
MLP,8,"h=(8, 4),relu",0.949,0.693
MLP,8,"h=(8, 4),tanh",1.0,0.611
SVM,8,"C=1,linear",0.769,0.693
SVM,8,"C=1,rbf",0.821,0.643
SVM,8,"C=10,linear",0.795,0.611
SVM,8,"C=10,rbf",0.897,0.664
DT,8,"d=3,leaf=1",0.949,0.718
DT,8,"d=3,leaf=3",0.872,0.696
DT,8,"d=3,leaf=9",0.821,0.671
DT,8,"d=5,leaf=1",1.0,0.746
DT,8,"d=5,leaf=3",0.897,0.746
DT,8,"d=5,leaf=9",0.821,0.671
DT,8,"d=None,leaf=1",1.0,0.771
DT,8,"d=None,leaf=3",0.897,0.696
DT,8,"d=None,leaf=9",0.821,0.671
RF,8,"n=10,d=3,leaf=1",0.923,0.746
RF,8,"n=10,d=3,leaf=3",0.872,0.675
RF,8,"n=10,d=3,leaf=9",0.769,0.671
RF,8,"n=10,d=5,leaf=1",0.974,0.796
RF,8,"n=10,d=5,leaf=3",0.923,0.721
RF,8,"n=10,d=5,leaf=9",0.769,0.643
RF,8,"n=10,d=None,leaf=1",0.949,0.8
RF,8,"n=10,d=None,leaf=3",0.821,0.775
RF,8,"n=10,d=None,leaf=9",0.692,0.721
RF,8,"n=50,d=3,leaf=1",0.923,0.775
RF,8,"n=50,d=3,leaf=3",0.923,0.693
RF,8,"n=50,d=3,leaf=9",0.795,0.75
RF,8,"n=50,d=5,leaf=1",1.0,0.725
RF,8,"n=50,d=5,leaf=3",0.897,0.75
RF,8,"n=50,d=5,leaf=9",0.769,0.693
RF,8,"n=50,d=None,leaf=1",1.0,0.725
RF,8,"n=50,d=None,leaf=3",0.923,0.721
RF,8,"n=50,d=None,leaf=9",0.821,0.725
RF,8,"n=100,d=3,leaf=1",0.949,0.75
RF,8,"n=100,d=3,leaf=3",0.949,0.725
RF,8,"n=100,d=3,leaf=9",0.769,0.75
RF,8,"n=100,d=5,leaf=1",1.0,0.725
RF,8,"n=100,d=5,leaf=3",0.923,0.775
RF,8,"n=100,d=5,leaf=9",0.821,0.725
RF,8,"n=100,d=None,leaf=1",1.0,0.721
RF,8,"n=100,d=None,leaf=3",0.923,0.75
RF,8,"n=100,d=None,leaf=9",0.795,0.7
XGB,8,"n=10,d=3,lr=0.05",0.667,0.668
XGB,8,"n=10,d=3,lr=0.1",0.897,0.614
XGB,8,"n=10,d=6,lr=0.05",0.667,0.668
XGB,8,"n=10,d=6,lr=0.1",0.949,0.614
XGB,8,"n=50,d=3,lr=0.05",0.949,0.693
XGB,8,"n=50,d=3,lr=0.1",0.949,0.664
XGB,8,"n=50,d=6,lr=0.05",0.949,0.664
XGB,8,"n=50,d=6,lr=0.1",0.949,0.664
XGB,8,"n=100,d=3,lr=0.05",0.923,0.689
XGB,8,"n=100,d=3,lr=0.1",0.949,0.689
XGB,8,"n=100,d=6,lr=0.05",0.974,0.689
XGB,8,"n=100,d=6,lr=0.1",0.949,0.689
CatBoost,8,"n=10,d=3,lr=0.05",0.846,0.775
CatBoost,8,"n=10,d=3,lr=0.1",0.795,0.775
CatBoost,8,"n=10,d=6,lr=0.05",0.897,0.725
CatBoost,8,"n=10,d=6,lr=0.1",0.897,0.725
CatBoost,8,"n=50,d=3,lr=0.05",0.897,0.775
CatBoost,8,"n=50,d=3,lr=0.1",0.949,0.75
CatBoost,8,"n=50,d=6,lr=0.05",0.897,0.75
CatBoost,8,"n=50,d=6,lr=0.1",0.949,0.75
CatBoost,8,"n=100,d=3,lr=0.05",0.949,0.75
CatBoost,8,"n=100,d=3,lr=0.1",0.949,0.775
CatBoost,8,"n=100,d=6,lr=0.05",0.974,0.775
CatBoost,8,"n=100,d=6,lr=0.1",1.0,0.75
LogReg,9,C=0.1,0.718,0.668
LogReg,9,C=1,0.821,0.693
LogReg,9,C=10,0.872,0.714
MLP,9,"h=(9,),relu",1.0,0.764
MLP,9,"h=(9,),tanh",1.0,0.718
MLP,9,"h=(9, 4),relu",0.872,0.664
MLP,9,"h=(9, 4),tanh",1.0,0.739
SVM,9,"C=1,linear",0.744,0.689
SVM,9,"C=1,rbf",0.846,0.668
SVM,9,"C=10,linear",0.872,0.714
SVM,9,"C=10,rbf",0.949,0.743
DT,9,"d=3,leaf=1",0.949,0.718
DT,9,"d=3,leaf=3",0.872,0.7
DT,9,"d=3,leaf=9",0.821,0.7
DT,9,"d=5,leaf=1",1.0,0.771
DT,9,"d=5,leaf=3",0.897,0.696
DT,9,"d=5,leaf=9",0.821,0.7
DT,9,"d=None,leaf=1",1.0,0.743
DT,9,"d=None,leaf=3",0.897,0.721
DT,9,"d=None,leaf=9",0.821,0.557
RF,9,"n=10,d=3,leaf=1",0.872,0.746
RF,9,"n=10,d=3,leaf=3",0.897,0.696
RF,9,"n=10,d=3,leaf=9",0.769,0.671
RF,9,"n=10,d=5,leaf=1",1.0,0.618
RF,9,"n=10,d=5,leaf=3",0.821,0.721
RF,9,"n=10,d=5,leaf=9",0.744,0.693
RF,9,"n=10,d=None,leaf=1",0.974,0.789
RF,9,"n=10,d=None,leaf=3",0.923,0.775
RF,9,"n=10,d=None,leaf=9",0.795,0.768
RF,9,"n=50,d=3,leaf=1",0.974,0.775
RF,9,"n=50,d=3,leaf=3",0.923,0.718
RF,9,"n=50,d=3,leaf=9",0.821,0.7
RF,9,"n=50,d=5,leaf=1",1.0,0.75
RF,9,"n=50,d=5,leaf=3",0.923,0.75
RF,9,"n=50,d=5,leaf=9",0.846,0.725
RF,9,"n=50,d=None,leaf=1",1.0,0.75
RF,9,"n=50,d=None,leaf=3",0.949,0.746
RF,9,"n=50,d=None,leaf=9",0.795,0.775
RF,9,"n=100,d=3,leaf=1",0.949,0.775
RF,9,"n=100,d=3,leaf=3",0.897,0.775
RF,9,"n=100,d=3,leaf=9",0.821,0.75
RF,9,"n=100,d=5,leaf=1",1.0,0.8
RF,9,"n=100,d=5,leaf=3",0.923,0.775
RF,9,"n=100,d=5,leaf=9",0.821,0.75
RF,9,"n=100,d=None,leaf=1",1.0,0.775
RF,9,"n=100,d=None,leaf=3",0.897,0.775
RF,9,"n=100,d=None,leaf=9",0.795,0.775
XGB,9,"n=10,d=3,lr=0.05",0.667,0.668
XGB,9,"n=10,d=3,lr=0.1",0.897,0.693
XGB,9,"n=10,d=6,lr=0.05",0.667,0.668
XGB,9,"n=10,d=6,lr=0.1",0.923,0.693
XGB,9,"n=50,d=3,lr=0.05",0.897,0.743
XGB,9,"n=50,d=3,lr=0.1",0.949,0.743
XGB,9,"n=50,d=6,lr=0.05",0.923,0.743
XGB,9,"n=50,d=6,lr=0.1",0.949,0.743
XGB,9,"n=100,d=3,lr=0.05",0.949,0.743
XGB,9,"n=100,d=3,lr=0.1",0.949,0.718
XGB,9,"n=100,d=6,lr=0.05",0.949,0.743
XGB,9,"n=100,d=6,lr=0.1",0.949,0.718
CatBoost,9,"n=10,d=3,lr=0.05",0.795,0.718
CatBoost,9,"n=10,d=3,lr=0.1",0.795,0.718
CatBoost,9,"n=10,d=6,lr=0.05",0.923,0.696
CatBoost,9,"n=10,d=6,lr=0.1",0.923,0.696
CatBoost,9,"n=50,d=3,lr=0.05",0.872,0.746
CatBoost,9,"n=50,d=3,lr=0.1",0.923,0.746
CatBoost,9,"n=50,d=6,lr=0.05",0.923,0.721
CatBoost,9,"n=50,d=6,lr=0.1",1.0,0.8
CatBoost,9,"n=100,d=3,lr=0.05",0.949,0.746
CatBoost,9,"n=100,d=3,lr=0.1",0.974,0.746
CatBoost,9,"n=100,d=6,lr=0.05",1.0,0.825
CatBoost,9,"n=100,d=6,lr=0.1",1.0,0.821
LogReg,10,C=0.1,0.795,0.721
LogReg,10,C=1,0.872,0.793
LogReg,10,C=10,0.872,0.686
MLP,10,"h=(10,),relu",1.0,0.793
MLP,10,"h=(10,),tanh",1.0,0.739
MLP,10,"h=(10, 5),relu",1.0,0.768
MLP,10,"h=(10, 5),tanh",1.0,0.796
SVM,10,"C=1,linear",0.846,0.689
SVM,10,"C=1,rbf",0.846,0.746
SVM,10,"C=10,linear",0.846,0.711
SVM,10,"C=10,rbf",0.949,0.768
DT,10,"d=3,leaf=1",0.949,0.693
DT,10,"d=3,leaf=3",0.872,0.75
DT,10,"d=3,leaf=9",0.821,0.671
DT,10,"d=5,leaf=1",1.0,0.718
DT,10,"d=5,leaf=3",0.897,0.771
DT,10,"d=5,leaf=9",0.821,0.7
DT,10,"d=None,leaf=1",1.0,0.668
DT,10,"d=None,leaf=3",0.897,0.746
DT,10,"d=None,leaf=9",0.821,0.557
RF,10,"n=10,d=3,leaf=1",0.974,0.696
RF,10,"n=10,d=3,leaf=3",0.872,0.693
RF,10,"n=10,d=3,leaf=9",0.795,0.775
RF,10,"n=10,d=5,leaf=1",0.974,0.796
RF,10,"n=10,d=5,leaf=3",0.897,0.671
RF,10,"n=10,d=5,leaf=9",0.769,0.721
RF,10,"n=10,d=None,leaf=1",1.0,0.743
RF,10,"n=10,d=None,leaf=3",0.846,0.75
RF,10,"n=10,d=None,leaf=9",0.769,0.775
RF,10,"n=50,d=3,leaf=1",0.923,0.746
RF,10,"n=50,d=3,leaf=3",0.897,0.721
RF,10,"n=50,d=3,leaf=9",0.821,0.7
RF,10,"n=50,d=5,leaf=1",1.0,0.846
RF,10,"n=50,d=5,leaf=3",0.897,0.746
RF,10,"n=50,d=5,leaf=9",0.821,0.75
RF,10,"n=50,d=None,leaf=1",0.974,0.743
RF,10,"n=50,d=None,leaf=3",0.949,0.746
RF,10,"n=50,d=None,leaf=9",0.846,0.7
RF,10,"n=100,d=3,leaf=1",0.949,0.746
RF,10,"n=100,d=3,leaf=3",0.897,0.746
RF,10,"n=100,d=3,leaf=9",0.795,0.775
RF,10,"n=100,d=5,leaf=1",1.0,0.793
RF,10,"n=100,d=5,leaf=3",0.923,0.721
RF,10,"n=100,d=5,leaf=9",0.795,0.775
RF,10,"n=100,d=None,leaf=1",1.0,0.796
RF,10,"n=100,d=None,leaf=3",0.923,0.746
RF,10,"n=100,d=None,leaf=9",0.821,0.75
XGB,10,"n=10,d=3,lr=0.05",0.667,0.643
XGB,10,"n=10,d=3,lr=0.1",0.897,0.75
XGB,10,"n=10,d=6,lr=0.05",0.667,0.643
XGB,10,"n=10,d=6,lr=0.1",0.923,0.721
XGB,10,"n=50,d=3,lr=0.05",0.923,0.689
XGB,10,"n=50,d=3,lr=0.1",0.974,0.743
XGB,10,"n=50,d=6,lr=0.05",0.949,0.689
XGB,10,"n=50,d=6,lr=0.1",0.949,0.714
XGB,10,"n=100,d=3,lr=0.05",0.974,0.743
XGB,10,"n=100,d=3,lr=0.1",0.974,0.768
XGB,10,"n=100,d=6,lr=0.05",0.974,0.714
XGB,10,"n=100,d=6,lr=0.1",0.974,0.768
CatBoost,10,"n=10,d=3,lr=0.05",0.846,0.746
CatBoost,10,"n=10,d=3,lr=0.1",0.872,0.775
CatBoost,10,"n=10,d=6,lr=0.05",0.923,0.718
CatBoost,10,"n=10,d=6,lr=0.1",0.923,0.718
CatBoost,10,"n=50,d=3,lr=0.05",0.897,0.746
CatBoost,10,"n=50,d=3,lr=0.1",0.923,0.771
CatBoost,10,"n=50,d=6,lr=0.05",0.897,0.821
CatBoost,10,"n=50,d=6,lr=0.1",0.974,0.846
CatBoost,10,"n=100,d=3,lr=0.05",0.923,0.721
CatBoost,10,"n=100,d=3,lr=0.1",0.949,0.768
CatBoost,10,"n=100,d=6,lr=0.05",1.0,0.796
CatBoost,10,"n=100,d=6,lr=0.1",1.0,0.768
LogReg,11,C=0.1,0.795,0.721
LogReg,11,C=1,0.872,0.793
LogReg,11,C=10,0.872,0.686
MLP,11,"h=(11,),relu",1.0,0.739
MLP,11,"h=(11,),tanh",1.0,0.786
MLP,11,"h=(11, 5),relu",1.0,0.764
MLP,11,"h=(11, 5),tanh",1.0,0.789
SVM,11,"C=1,linear",0.846,0.689
SVM,11,"C=1,rbf",0.846,0.746
SVM,11,"C=10,linear",0.846,0.711
SVM,11,"C=10,rbf",0.949,0.768
DT,11,"d=3,leaf=1",0.949,0.721
DT,11,"d=3,leaf=3",0.872,0.775
DT,11,"d=3,leaf=9",0.821,0.557
DT,11,"d=5,leaf=1",1.0,0.643
DT,11,"d=5,leaf=3",0.897,0.8
DT,11,"d=5,leaf=9",0.821,0.671
DT,11,"d=None,leaf=1",1.0,0.693
DT,11,"d=None,leaf=3",0.897,0.75
DT,11,"d=None,leaf=9",0.821,0.7
RF,11,"n=10,d=3,leaf=1",0.949,0.818
RF,11,"n=10,d=3,leaf=3",0.872,0.671
RF,11,"n=10,d=3,leaf=9",0.821,0.718
RF,11,"n=10,d=5,leaf=1",0.974,0.693
RF,11,"n=10,d=5,leaf=3",0.897,0.746
RF,11,"n=10,d=5,leaf=9",0.846,0.696
RF,11,"n=10,d=None,leaf=1",0.923,0.639
RF,11,"n=10,d=None,leaf=3",0.897,0.721
RF,11,"n=10,d=None,leaf=9",0.744,0.693
RF,11,"n=50,d=3,leaf=1",0.949,0.746
RF,11,"n=50,d=3,leaf=3",0.897,0.721
RF,11,"n=50,d=3,leaf=9",0.821,0.693
RF,11,"n=50,d=5,leaf=1",1.0,0.768
RF,11,"n=50,d=5,leaf=3",0.923,0.746
RF,11,"n=50,d=5,leaf=9",0.769,0.671
RF,11,"n=50,d=None,leaf=1",1.0,0.721
RF,11,"n=50,d=None,leaf=3",0.923,0.746
RF,11,"n=50,d=None,leaf=9",0.769,0.721
RF,11,"n=100,d=3,leaf=1",0.949,0.746
RF,11,"n=100,d=3,leaf=3",0.923,0.721
RF,11,"n=100,d=3,leaf=9",0.821,0.721
RF,11,"n=100,d=5,leaf=1",1.0,0.721
RF,11,"n=100,d=5,leaf=3",0.923,0.746
RF,11,"n=100,d=5,leaf=9",0.795,0.771
RF,11,"n=100,d=None,leaf=1",1.0,0.771
RF,11,"n=100,d=None,leaf=3",0.923,0.721
RF,11,"n=100,d=None,leaf=9",0.795,0.771
XGB,11,"n=10,d=3,lr=0.05",0.667,0.643
XGB,11,"n=10,d=3,lr=0.1",0.897,0.75
XGB,11,"n=10,d=6,lr=0.05",0.667,0.643
XGB,11,"n=10,d=6,lr=0.1",0.923,0.721
XGB,11,"n=50,d=3,lr=0.05",0.923,0.714
XGB,11,"n=50,d=3,lr=0.1",0.974,0.743
XGB,11,"n=50,d=6,lr=0.05",0.949,0.714
XGB,11,"n=50,d=6,lr=0.1",0.974,0.714
XGB,11,"n=100,d=3,lr=0.05",0.974,0.743
XGB,11,"n=100,d=3,lr=0.1",0.974,0.768
XGB,11,"n=100,d=6,lr=0.05",0.974,0.714
XGB,11,"n=100,d=6,lr=0.1",0.974,0.768
CatBoost,11,"n=10,d=3,lr=0.05",0.872,0.8
CatBoost,11,"n=10,d=3,lr=0.1",0.897,0.771
CatBoost,11,"n=10,d=6,lr=0.05",0.897,0.721
CatBoost,11,"n=10,d=6,lr=0.1",0.897,0.721
CatBoost,11,"n=50,d=3,lr=0.05",0.897,0.721
CatBoost,11,"n=50,d=3,lr=0.1",0.923,0.771
CatBoost,11,"n=50,d=6,lr=0.05",0.897,0.746
CatBoost,11,"n=50,d=6,lr=0.1",1.0,0.746
CatBoost,11,"n=100,d=3,lr=0.05",0.923,0.746
CatBoost,11,"n=100,d=3,lr=0.1",0.949,0.743
CatBoost,11,"n=100,d=6,lr=0.05",1.0,0.821
CatBoost,11,"n=100,d=6,lr=0.1",1.0,0.771
LogReg,12,C=0.1,0.795,0.721
LogReg,12,C=1,0.897,0.768
LogReg,12,C=10,0.846,0.714
MLP,12,"h=(12,),relu",1.0,0.818
MLP,12,"h=(12,),tanh",1.0,0.739
MLP,12,"h=(12, 6),relu",0.974,0.793
MLP,12,"h=(12, 6),tanh",1.0,0.771
SVM,12,"C=1,linear",0.821,0.689
SVM,12,"C=1,rbf",0.872,0.746
SVM,12,"C=10,linear",0.897,0.686
SVM,12,"C=10,rbf",0.949,0.743
DT,12,"d=3,leaf=1",0.949,0.668
DT,12,"d=3,leaf=3",0.872,0.725
DT,12,"d=3,leaf=9",0.821,0.671
DT,12,"d=5,leaf=1",1.0,0.671
DT,12,"d=5,leaf=3",0.897,0.721
DT,12,"d=5,leaf=9",0.821,0.671
DT,12,"d=None,leaf=1",1.0,0.664
DT,12,"d=None,leaf=3",0.897,0.75
DT,12,"d=None,leaf=9",0.821,0.671
RF,12,"n=10,d=3,leaf=1",0.949,0.771
RF,12,"n=10,d=3,leaf=3",0.897,0.696
RF,12,"n=10,d=3,leaf=9",0.795,0.746
RF,12,"n=10,d=5,leaf=1",0.974,0.768
RF,12,"n=10,d=5,leaf=3",0.897,0.771
RF,12,"n=10,d=5,leaf=9",0.769,0.775
RF,12,"n=10,d=None,leaf=1",0.949,0.696
RF,12,"n=10,d=None,leaf=3",0.923,0.746
RF,12,"n=10,d=None,leaf=9",0.846,0.696
RF,12,"n=50,d=3,leaf=1",0.949,0.746
RF,12,"n=50,d=3,leaf=3",0.897,0.746
RF,12,"n=50,d=3,leaf=9",0.744,0.775
RF,12,"n=50,d=5,leaf=1",1.0,0.771
RF,12,"n=50,d=5,leaf=3",0.923,0.746
RF,12,"n=50,d=5,leaf=9",0.769,0.671
RF,12,"n=50,d=None,leaf=1",1.0,0.768
RF,12,"n=50,d=None,leaf=3",0.897,0.746
RF,12,"n=50,d=None,leaf=9",0.795,0.7
RF,12,"n=100,d=3,leaf=1",0.949,0.746
RF,12,"n=100,d=3,leaf=3",0.897,0.721
RF,12,"n=100,d=3,leaf=9",0.744,0.746
RF,12,"n=100,d=5,leaf=1",1.0,0.771
RF,12,"n=100,d=5,leaf=3",0.923,0.746
RF,12,"n=100,d=5,leaf=9",0.769,0.8
RF,12,"n=100,d=None,leaf=1",1.0,0.821
RF,12,"n=100,d=None,leaf=3",0.923,0.721
RF,12,"n=100,d=None,leaf=9",0.821,0.746
XGB,12,"n=10,d=3,lr=0.05",0.667,0.643
XGB,12,"n=10,d=3,lr=0.1",0.923,0.725
XGB,12,"n=10,d=6,lr=0.05",0.667,0.643
XGB,12,"n=10,d=6,lr=0.1",0.923,0.696
XGB,12,"n=50,d=3,lr=0.05",0.923,0.714
XGB,12,"n=50,d=3,lr=0.1",0.949,0.739
XGB,12,"n=50,d=6,lr=0.05",0.949,0.714
XGB,12,"n=50,d=6,lr=0.1",0.949,0.768
XGB,12,"n=100,d=3,lr=0.05",0.974,0.739
XGB,12,"n=100,d=3,lr=0.1",0.974,0.768
XGB,12,"n=100,d=6,lr=0.05",0.949,0.739
XGB,12,"n=100,d=6,lr=0.1",0.974,0.768
CatBoost,12,"n=10,d=3,lr=0.05",0.795,0.775
CatBoost,12,"n=10,d=3,lr=0.1",0.846,0.775
CatBoost,12,"n=10,d=6,lr=0.05",0.872,0.771
CatBoost,12,"n=10,d=6,lr=0.1",0.872,0.746
CatBoost,12,"n=50,d=3,lr=0.05",0.872,0.746
CatBoost,12,"n=50,d=3,lr=0.1",0.923,0.771
CatBoost,12,"n=50,d=6,lr=0.05",0.897,0.796
CatBoost,12,"n=50,d=6,lr=0.1",0.974,0.793
CatBoost,12,"n=100,d=3,lr=0.05",0.923,0.746
CatBoost,12,"n=100,d=3,lr=0.1",0.949,0.768
CatBoost,12,"n=100,d=6,lr=0.05",0.974,0.821
CatBoost,12,"n=100,d=6,lr=0.1",1.0,0.796
LogReg,13,C=0.1,0.795,0.721
LogReg,13,C=1,0.897,0.768
LogReg,13,C=10,0.949,0.714
MLP,13,"h=(13,),relu",1.0,0.814
MLP,13,"h=(13,),tanh",1.0,0.743
MLP,13,"h=(13, 6),relu",1.0,0.768
MLP,13,"h=(13, 6),tanh",1.0,0.796
SVM,13,"C=1,linear",0.821,0.689
SVM,13,"C=1,rbf",0.872,0.746
SVM,13,"C=10,linear",0.949,0.686
SVM,13,"C=10,rbf",0.949,0.743
DT,13,"d=3,leaf=1",0.949,0.668
DT,13,"d=3,leaf=3",0.872,0.775
DT,13,"d=3,leaf=9",0.821,0.671
DT,13,"d=5,leaf=1",1.0,0.668
DT,13,"d=5,leaf=3",0.897,0.771
DT,13,"d=5,leaf=9",0.821,0.671
DT,13,"d=None,leaf=1",1.0,0.693
DT,13,"d=None,leaf=3",0.897,0.8
DT,13,"d=None,leaf=9",0.821,0.671
RF,13,"n=10,d=3,leaf=1",0.923,0.696
RF,13,"n=10,d=3,leaf=3",0.846,0.75
RF,13,"n=10,d=3,leaf=9",0.769,0.775
RF,13,"n=10,d=5,leaf=1",0.949,0.771
RF,13,"n=10,d=5,leaf=3",0.846,0.721
RF,13,"n=10,d=5,leaf=9",0.795,0.721
RF,13,"n=10,d=None,leaf=1",0.974,0.875
RF,13,"n=10,d=None,leaf=3",0.846,0.746
RF,13,"n=10,d=None,leaf=9",0.821,0.646
RF,13,"n=50,d=3,leaf=1",0.923,0.746
RF,13,"n=50,d=3,leaf=3",0.897,0.746
RF,13,"n=50,d=3,leaf=9",0.744,0.771
RF,13,"n=50,d=5,leaf=1",1.0,0.746
RF,13,"n=50,d=5,leaf=3",0.923,0.721
RF,13,"n=50,d=5,leaf=9",0.769,0.746
RF,13,"n=50,d=None,leaf=1",1.0,0.746
RF,13,"n=50,d=None,leaf=3",0.923,0.721
RF,13,"n=50,d=None,leaf=9",0.795,0.746
RF,13,"n=100,d=3,leaf=1",0.949,0.721
RF,13,"n=100,d=3,leaf=3",0.897,0.721
RF,13,"n=100,d=3,leaf=9",0.795,0.746
RF,13,"n=100,d=5,leaf=1",1.0,0.821
RF,13,"n=100,d=5,leaf=3",0.897,0.721
RF,13,"n=100,d=5,leaf=9",0.744,0.825
RF,13,"n=100,d=None,leaf=1",1.0,0.771
RF,13,"n=100,d=None,leaf=3",0.923,0.721
RF,13,"n=100,d=None,leaf=9",0.769,0.775
XGB,13,"n=10,d=3,lr=0.05",0.667,0.643
XGB,13,"n=10,d=3,lr=0.1",0.923,0.725
XGB,13,"n=10,d=6,lr=0.05",0.667,0.643
XGB,13,"n=10,d=6,lr=0.1",0.923,0.696
XGB,13,"n=50,d=3,lr=0.05",0.923,0.714
XGB,13,"n=50,d=3,lr=0.1",0.974,0.739
XGB,13,"n=50,d=6,lr=0.05",0.949,0.714
XGB,13,"n=50,d=6,lr=0.1",0.949,0.739
XGB,13,"n=100,d=3,lr=0.05",0.974,0.739
XGB,13,"n=100,d=3,lr=0.1",0.974,0.768
XGB,13,"n=100,d=6,lr=0.05",0.974,0.739
XGB,13,"n=100,d=6,lr=0.1",0.974,0.739
CatBoost,13,"n=10,d=3,lr=0.05",0.897,0.696
CatBoost,13,"n=10,d=3,lr=0.1",0.846,0.696
CatBoost,13,"n=10,d=6,lr=0.05",0.923,0.725
CatBoost,13,"n=10,d=6,lr=0.1",0.923,0.725
CatBoost,13,"n=50,d=3,lr=0.05",0.897,0.771
CatBoost,13,"n=50,d=3,lr=0.1",0.923,0.746
CatBoost,13,"n=50,d=6,lr=0.05",0.897,0.771
CatBoost,13,"n=50,d=6,lr=0.1",1.0,0.821
CatBoost,13,"n=100,d=3,lr=0.05",0.923,0.771
CatBoost,13,"n=100,d=3,lr=0.1",0.949,0.768
CatBoost,13,"n=100,d=6,lr=0.05",1.0,0.796
CatBoost,13,"n=100,d=6,lr=0.1",1.0,0.771
LogReg,14,C=0.1,0.795,0.746
LogReg,14,C=1,0.897,0.793
LogReg,14,C=10,0.897,0.739
MLP,14,"h=(14,),relu",1.0,0.768
MLP,14,"h=(14,),tanh",1.0,0.768
MLP,14,"h=(14, 7),relu",0.974,0.764
MLP,14,"h=(14, 7),tanh",1.0,0.739
SVM,14,"C=1,linear",0.872,0.689
SVM,14,"C=1,rbf",0.872,0.771
SVM,14,"C=10,linear",0.923,0.711
SVM,14,"C=10,rbf",0.974,0.771
DT,14,"d=3,leaf=1",0.949,0.746
DT,14,"d=3,leaf=3",0.897,0.775
DT,14,"d=3,leaf=9",0.821,0.671
DT,14,"d=5,leaf=1",1.0,0.668
DT,14,"d=5,leaf=3",0.897,0.75
DT,14,"d=5,leaf=9",0.821,0.671
DT,14,"d=None,leaf=1",1.0,0.693
DT,14,"d=None,leaf=3",0.897,0.75
DT,14,"d=None,leaf=9",0.821,0.671
RF,14,"n=10,d=3,leaf=1",0.974,0.668
RF,14,"n=10,d=3,leaf=3",0.872,0.696
RF,14,"n=10,d=3,leaf=9",0.744,0.8
RF,14,"n=10,d=5,leaf=1",0.974,0.696
RF,14,"n=10,d=5,leaf=3",0.872,0.746
RF,14,"n=10,d=5,leaf=9",0.744,0.75
RF,14,"n=10,d=None,leaf=1",0.949,0.639
RF,14,"n=10,d=None,leaf=3",0.897,0.746
RF,14,"n=10,d=None,leaf=9",0.795,0.721
RF,14,"n=50,d=3,leaf=1",0.949,0.725
RF,14,"n=50,d=3,leaf=3",0.923,0.721
RF,14,"n=50,d=3,leaf=9",0.795,0.746
RF,14,"n=50,d=5,leaf=1",0.974,0.643
RF,14,"n=50,d=5,leaf=3",0.923,0.696
RF,14,"n=50,d=5,leaf=9",0.795,0.8
RF,14,"n=50,d=None,leaf=1",1.0,0.746
RF,14,"n=50,d=None,leaf=3",0.923,0.75
RF,14,"n=50,d=None,leaf=9",0.795,0.775
RF,14,"n=100,d=3,leaf=1",0.949,0.771
RF,14,"n=100,d=3,leaf=3",0.897,0.721
RF,14,"n=100,d=3,leaf=9",0.795,0.746
RF,14,"n=100,d=5,leaf=1",1.0,0.696
RF,14,"n=100,d=5,leaf=3",0.897,0.721
RF,14,"n=100,d=5,leaf=9",0.769,0.75
RF,14,"n=100,d=None,leaf=1",1.0,0.746
RF,14,"n=100,d=None,leaf=3",0.923,0.746
RF,14,"n=100,d=None,leaf=9",0.795,0.771
XGB,14,"n=10,d=3,lr=0.05",0.795,0.7
XGB,14,"n=10,d=3,lr=0.1",0.897,0.75
XGB,14,"n=10,d=6,lr=0.05",0.795,0.7
XGB,14,"n=10,d=6,lr=0.1",0.897,0.75
XGB,14,"n=50,d=3,lr=0.05",0.923,0.768
XGB,14,"n=50,d=3,lr=0.1",0.949,0.768
XGB,14,"n=50,d=6,lr=0.05",0.923,0.768
XGB,14,"n=50,d=6,lr=0.1",0.923,0.768
XGB,14,"n=100,d=3,lr=0.05",0.949,0.768
XGB,14,"n=100,d=3,lr=0.1",0.974,0.743
XGB,14,"n=100,d=6,lr=0.05",0.949,0.768
XGB,14,"n=100,d=6,lr=0.1",0.974,0.743
CatBoost,14,"n=10,d=3,lr=0.05",0.897,0.746
CatBoost,14,"n=10,d=3,lr=0.1",0.872,0.746
CatBoost,14,"n=10,d=6,lr=0.05",0.897,0.775
CatBoost,14,"n=10,d=6,lr=0.1",0.897,0.825
CatBoost,14,"n=50,d=3,lr=0.05",0.897,0.746
CatBoost,14,"n=50,d=3,lr=0.1",0.923,0.771
CatBoost,14,"n=50,d=6,lr=0.05",0.897,0.721
CatBoost,14,"n=50,d=6,lr=0.1",0.974,0.771
CatBoost,14,"n=100,d=3,lr=0.05",0.923,0.771
CatBoost,14,"n=100,d=3,lr=0.1",0.949,0.743
CatBoost,14,"n=100,d=6,lr=0.05",0.974,0.821
CatBoost,14,"n=100,d=6,lr=0.1",1.0,0.796
LogReg,15,C=0.1,0.795,0.775
LogReg,15,C=1,0.897,0.793
LogReg,15,C=10,0.897,0.739
MLP,15,"h=(15,),relu",1.0,0.714
MLP,15,"h=(15,),tanh",1.0,0.818
MLP,15,"h=(15, 7),relu",1.0,0.768
MLP,15,"h=(15, 7),tanh",1.0,0.743
SVM,15,"C=1,linear",0.872,0.689
SVM,15,"C=1,rbf",0.872,0.771
SVM,15,"C=10,linear",0.923,0.711
SVM,15,"C=10,rbf",0.974,0.796
DT,15,"d=3,leaf=1",0.974,0.643
DT,15,"d=3,leaf=3",0.923,0.725
DT,15,"d=3,leaf=9",0.821,0.671
DT,15,"d=5,leaf=1",1.0,0.668
DT,15,"d=5,leaf=3",0.923,0.775
DT,15,"d=5,leaf=9",0.821,0.671
DT,15,"d=None,leaf=1",1.0,0.718
DT,15,"d=None,leaf=3",0.923,0.775
DT,15,"d=None,leaf=9",0.821,0.671
RF,15,"n=10,d=3,leaf=1",0.897,0.718
RF,15,"n=10,d=3,leaf=3",0.821,0.775
RF,15,"n=10,d=3,leaf=9",0.795,0.75
RF,15,"n=10,d=5,leaf=1",0.949,0.7
RF,15,"n=10,d=5,leaf=3",0.821,0.721
RF,15,"n=10,d=5,leaf=9",0.744,0.725
RF,15,"n=10,d=None,leaf=1",0.974,0.643
RF,15,"n=10,d=None,leaf=3",0.872,0.746
RF,15,"n=10,d=None,leaf=9",0.821,0.775
RF,15,"n=50,d=3,leaf=1",0.949,0.693
RF,15,"n=50,d=3,leaf=3",0.949,0.696
RF,15,"n=50,d=3,leaf=9",0.744,0.721
RF,15,"n=50,d=5,leaf=1",1.0,0.721
RF,15,"n=50,d=5,leaf=3",0.923,0.721
RF,15,"n=50,d=5,leaf=9",0.795,0.725
RF,15,"n=50,d=None,leaf=1",1.0,0.746
RF,15,"n=50,d=None,leaf=3",0.923,0.771
RF,15,"n=50,d=None,leaf=9",0.795,0.721
RF,15,"n=100,d=3,leaf=1",0.897,0.696
RF,15,"n=100,d=3,leaf=3",0.923,0.746
RF,15,"n=100,d=3,leaf=9",0.821,0.721
RF,15,"n=100,d=5,leaf=1",1.0,0.721
RF,15,"n=100,d=5,leaf=3",0.923,0.721
RF,15,"n=100,d=5,leaf=9",0.795,0.746
RF,15,"n=100,d=None,leaf=1",1.0,0.746
RF,15,"n=100,d=None,leaf=3",0.923,0.721
RF,15,"n=100,d=None,leaf=9",0.846,0.721
XGB,15,"n=10,d=3,lr=0.05",0.795,0.7
XGB,15,"n=10,d=3,lr=0.1",0.923,0.7
XGB,15,"n=10,d=6,lr=0.05",0.795,0.7
XGB,15,"n=10,d=6,lr=0.1",0.923,0.7
XGB,15,"n=50,d=3,lr=0.05",0.923,0.825
XGB,15,"n=50,d=3,lr=0.1",0.923,0.768
XGB,15,"n=50,d=6,lr=0.05",0.923,0.825
XGB,15,"n=50,d=6,lr=0.1",0.923,0.768
XGB,15,"n=100,d=3,lr=0.05",0.923,0.768
XGB,15,"n=100,d=3,lr=0.1",0.974,0.768
XGB,15,"n=100,d=6,lr=0.05",0.923,0.768
XGB,15,"n=100,d=6,lr=0.1",0.974,0.768
CatBoost,15,"n=10,d=3,lr=0.05",0.769,0.746
CatBoost,15,"n=10,d=3,lr=0.1",0.769,0.746
CatBoost,15,"n=10,d=6,lr=0.05",0.897,0.693
CatBoost,15,"n=10,d=6,lr=0.1",0.897,0.693
CatBoost,15,"n=50,d=3,lr=0.05",0.872,0.746
CatBoost,15,"n=50,d=3,lr=0.1",0.923,0.771
CatBoost,15,"n=50,d=6,lr=0.05",0.897,0.746
CatBoost,15,"n=50,d=6,lr=0.1",0.974,0.743
CatBoost,15,"n=100,d=3,lr=0.05",0.923,0.746
CatBoost,15,"n=100,d=3,lr=0.1",0.949,0.718
CatBoost,15,"n=100,d=6,lr=0.05",0.974,0.821
CatBoost,15,"n=100,d=6,lr=0.1",1.0,0.771
LogReg,16,C=0.1,0.795,0.775
LogReg,16,C=1,0.897,0.821
LogReg,16,C=10,0.897,0.739
MLP,16,"h=(16,),relu",1.0,0.789
MLP,16,"h=(16,),tanh",1.0,0.764
MLP,16,"h=(16, 8),relu",1.0,0.739
MLP,16,"h=(16, 8),tanh",1.0,0.736
SVM,16,"C=1,linear",0.872,0.689
SVM,16,"C=1,rbf",0.872,0.746
SVM,16,"C=10,linear",0.923,0.711
SVM,16,"C=10,rbf",0.974,0.796
DT,16,"d=3,leaf=1",0.974,0.668
DT,16,"d=3,leaf=3",0.923,0.725
DT,16,"d=3,leaf=9",0.821,0.671
DT,16,"d=5,leaf=1",1.0,0.668
DT,16,"d=5,leaf=3",0.923,0.775
DT,16,"d=5,leaf=9",0.821,0.671
DT,16,"d=None,leaf=1",1.0,0.696
DT,16,"d=None,leaf=3",0.923,0.8
DT,16,"d=None,leaf=9",0.821,0.671
RF,16,"n=10,d=3,leaf=1",0.923,0.718
RF,16,"n=10,d=3,leaf=3",0.795,0.721
RF,16,"n=10,d=3,leaf=9",0.795,0.796
RF,16,"n=10,d=5,leaf=1",1.0,0.743
RF,16,"n=10,d=5,leaf=3",0.897,0.721
RF,16,"n=10,d=5,leaf=9",0.795,0.775
RF,16,"n=10,d=None,leaf=1",1.0,0.746
RF,16,"n=10,d=None,leaf=3",0.897,0.671
RF,16,"n=10,d=None,leaf=9",0.821,0.646
RF,16,"n=50,d=3,leaf=1",0.897,0.746
RF,16,"n=50,d=3,leaf=3",0.897,0.746
RF,16,"n=50,d=3,leaf=9",0.821,0.725
RF,16,"n=50,d=5,leaf=1",1.0,0.693
RF,16,"n=50,d=5,leaf=3",0.897,0.721
RF,16,"n=50,d=5,leaf=9",0.795,0.8
RF,16,"n=50,d=None,leaf=1",1.0,0.721
RF,16,"n=50,d=None,leaf=3",0.923,0.671
RF,16,"n=50,d=None,leaf=9",0.795,0.671
RF,16,"n=100,d=3,leaf=1",0.974,0.721
RF,16,"n=100,d=3,leaf=3",0.923,0.721
RF,16,"n=100,d=3,leaf=9",0.821,0.721
RF,16,"n=100,d=5,leaf=1",1.0,0.696
RF,16,"n=100,d=5,leaf=3",0.923,0.696
RF,16,"n=100,d=5,leaf=9",0.821,0.775
RF,16,"n=100,d=None,leaf=1",1.0,0.721
RF,16,"n=100,d=None,leaf=3",0.923,0.696
RF,16,"n=100,d=None,leaf=9",0.821,0.721
XGB,16,"n=10,d=3,lr=0.05",0.795,0.7
XGB,16,"n=10,d=3,lr=0.1",0.923,0.725
XGB,16,"n=10,d=6,lr=0.05",0.795,0.7
XGB,16,"n=10,d=6,lr=0.1",0.923,0.725
XGB,16,"n=50,d=3,lr=0.05",0.923,0.825
XGB,16,"n=50,d=3,lr=0.1",0.923,0.768
XGB,16,"n=50,d=6,lr=0.05",0.923,0.825
XGB,16,"n=50,d=6,lr=0.1",0.923,0.768
XGB,16,"n=100,d=3,lr=0.05",0.923,0.768
XGB,16,"n=100,d=3,lr=0.1",0.974,0.768
XGB,16,"n=100,d=6,lr=0.05",0.923,0.768
XGB,16,"n=100,d=6,lr=0.1",0.974,0.768
CatBoost,16,"n=10,d=3,lr=0.05",0.821,0.721
CatBoost,16,"n=10,d=3,lr=0.1",0.821,0.746
CatBoost,16,"n=10,d=6,lr=0.05",0.923,0.721
CatBoost,16,"n=10,d=6,lr=0.1",0.949,0.746
CatBoost,16,"n=50,d=3,lr=0.05",0.897,0.746
CatBoost,16,"n=50,d=3,lr=0.1",0.923,0.746
CatBoost,16,"n=50,d=6,lr=0.05",0.923,0.746
CatBoost,16,"n=50,d=6,lr=0.1",0.974,0.771
CatBoost,16,"n=100,d=3,lr=0.05",0.923,0.746
CatBoost,16,"n=100,d=3,lr=0.1",0.974,0.718
CatBoost,16,"n=100,d=6,lr=0.05",0.974,0.771
CatBoost,16,"n=100,d=6,lr=0.1",1.0,0.768
LogReg,17,C=0.1,0.795,0.746
LogReg,17,C=1,0.897,0.793
LogReg,17,C=10,0.897,0.736
MLP,17,"h=(17,),relu",1.0,0.768
MLP,17,"h=(17,),tanh",1.0,0.793
MLP,17,"h=(17, 8),relu",1.0,0.821
MLP,17,"h=(17, 8),tanh",1.0,0.764
SVM,17,"C=1,linear",0.872,0.664
SVM,17,"C=1,rbf",0.872,0.721
SVM,17,"C=10,linear",0.897,0.661
SVM,17,"C=10,rbf",0.974,0.796
DT,17,"d=3,leaf=1",0.974,0.696
DT,17,"d=3,leaf=3",0.923,0.675
DT,17,"d=3,leaf=9",0.821,0.671
DT,17,"d=5,leaf=1",1.0,0.693
DT,17,"d=5,leaf=3",0.923,0.725
DT,17,"d=5,leaf=9",0.821,0.671
DT,17,"d=None,leaf=1",1.0,0.718
DT,17,"d=None,leaf=3",0.923,0.746
DT,17,"d=None,leaf=9",0.821,0.671
RF,17,"n=10,d=3,leaf=1",0.923,0.725
RF,17,"n=10,d=3,leaf=3",0.846,0.671
RF,17,"n=10,d=3,leaf=9",0.769,0.725
RF,17,"n=10,d=5,leaf=1",0.974,0.696
RF,17,"n=10,d=5,leaf=3",0.846,0.721
RF,17,"n=10,d=5,leaf=9",0.821,0.668
RF,17,"n=10,d=None,leaf=1",0.949,0.746
RF,17,"n=10,d=None,leaf=3",0.923,0.696
RF,17,"n=10,d=None,leaf=9",0.744,0.746
RF,17,"n=50,d=3,leaf=1",0.949,0.721
RF,17,"n=50,d=3,leaf=3",0.897,0.671
RF,17,"n=50,d=3,leaf=9",0.795,0.696
RF,17,"n=50,d=5,leaf=1",1.0,0.721
RF,17,"n=50,d=5,leaf=3",0.897,0.721
RF,17,"n=50,d=5,leaf=9",0.821,0.721
RF,17,"n=50,d=None,leaf=1",1.0,0.721
RF,17,"n=50,d=None,leaf=3",0.923,0.75
RF,17,"n=50,d=None,leaf=9",0.821,0.746
RF,17,"n=100,d=3,leaf=1",0.923,0.75
RF,17,"n=100,d=3,leaf=3",0.897,0.721
RF,17,"n=100,d=3,leaf=9",0.821,0.746
RF,17,"n=100,d=5,leaf=1",1.0,0.696
RF,17,"n=100,d=5,leaf=3",0.923,0.721
RF,17,"n=100,d=5,leaf=9",0.821,0.725
RF,17,"n=100,d=None,leaf=1",1.0,0.746
RF,17,"n=100,d=None,leaf=3",0.923,0.696
RF,17,"n=100,d=None,leaf=9",0.846,0.721
XGB,17,"n=10,d=3,lr=0.05",0.795,0.643
XGB,17,"n=10,d=3,lr=0.1",0.923,0.725
XGB,17,"n=10,d=6,lr=0.05",0.795,0.643
XGB,17,"n=10,d=6,lr=0.1",0.923,0.725
XGB,17,"n=50,d=3,lr=0.05",0.923,0.825
XGB,17,"n=50,d=3,lr=0.1",0.923,0.768
XGB,17,"n=50,d=6,lr=0.05",0.923,0.825
XGB,17,"n=50,d=6,lr=0.1",0.923,0.768
XGB,17,"n=100,d=3,lr=0.05",0.923,0.768
XGB,17,"n=100,d=3,lr=0.1",0.974,0.768
XGB,17,"n=100,d=6,lr=0.05",0.923,0.768
XGB,17,"n=100,d=6,lr=0.1",0.974,0.768
CatBoost,17,"n=10,d=3,lr=0.05",0.846,0.746
CatBoost,17,"n=10,d=3,lr=0.1",0.872,0.746
CatBoost,17,"n=10,d=6,lr=0.05",0.923,0.746
CatBoost,17,"n=10,d=6,lr=0.1",0.923,0.746
CatBoost,17,"n=50,d=3,lr=0.05",0.872,0.775
CatBoost,17,"n=50,d=3,lr=0.1",0.923,0.746
CatBoost,17,"n=50,d=6,lr=0.05",0.923,0.746
CatBoost,17,"n=50,d=6,lr=0.1",0.949,0.746
CatBoost,17,"n=100,d=3,lr=0.05",0.923,0.75
CatBoost,17,"n=100,d=3,lr=0.1",0.974,0.768
CatBoost,17,"n=100,d=6,lr=0.05",0.974,0.746
CatBoost,17,"n=100,d=6,lr=0.1",1.0,0.743
LogReg,18,C=0.1,0.795,0.721
LogReg,18,C=1,0.872,0.793
LogReg,18,C=10,0.923,0.736
MLP,18,"h=(18,),relu",1.0,0.743
MLP,18,"h=(18,),tanh",1.0,0.789
MLP,18,"h=(18, 9),relu",1.0,0.714
MLP,18,"h=(18, 9),tanh",1.0,0.743
SVM,18,"C=1,linear",0.897,0.689
SVM,18,"C=1,rbf",0.872,0.746
SVM,18,"C=10,linear",0.974,0.714
SVM,18,"C=10,rbf",1.0,0.768
DT,18,"d=3,leaf=1",0.974,0.643
DT,18,"d=3,leaf=3",0.897,0.646
DT,18,"d=3,leaf=9",0.846,0.671
DT,18,"d=5,leaf=1",1.0,0.618
DT,18,"d=5,leaf=3",0.897,0.675
DT,18,"d=5,leaf=9",0.846,0.671
DT,18,"d=None,leaf=1",1.0,0.668
DT,18,"d=None,leaf=3",0.897,0.75
DT,18,"d=None,leaf=9",0.846,0.671
RF,18,"n=10,d=3,leaf=1",0.949,0.696
RF,18,"n=10,d=3,leaf=3",0.846,0.646
RF,18,"n=10,d=3,leaf=9",0.744,0.643
RF,18,"n=10,d=5,leaf=1",0.974,0.721
RF,18,"n=10,d=5,leaf=3",0.821,0.696
RF,18,"n=10,d=5,leaf=9",0.769,0.643
RF,18,"n=10,d=None,leaf=1",1.0,0.725
RF,18,"n=10,d=None,leaf=3",0.923,0.746
RF,18,"n=10,d=None,leaf=9",0.821,0.671
RF,18,"n=50,d=3,leaf=1",0.949,0.671
RF,18,"n=50,d=3,leaf=3",0.923,0.746
RF,18,"n=50,d=3,leaf=9",0.821,0.721
RF,18,"n=50,d=5,leaf=1",1.0,0.718
RF,18,"n=50,d=5,leaf=3",0.897,0.721
RF,18,"n=50,d=5,leaf=9",0.795,0.746
RF,18,"n=50,d=None,leaf=1",1.0,0.746
RF,18,"n=50,d=None,leaf=3",0.923,0.671
RF,18,"n=50,d=None,leaf=9",0.846,0.746
RF,18,"n=100,d=3,leaf=1",0.949,0.721
RF,18,"n=100,d=3,leaf=3",0.923,0.696
RF,18,"n=100,d=3,leaf=9",0.795,0.721
RF,18,"n=100,d=5,leaf=1",1.0,0.721
RF,18,"n=100,d=5,leaf=3",0.923,0.721
RF,18,"n=100,d=5,leaf=9",0.821,0.696
RF,18,"n=100,d=None,leaf=1",1.0,0.643
RF,18,"n=100,d=None,leaf=3",0.923,0.671
RF,18,"n=100,d=None,leaf=9",0.821,0.696
XGB,18,"n=10,d=3,lr=0.05",0.667,0.7
XGB,18,"n=10,d=3,lr=0.1",0.923,0.775
XGB,18,"n=10,d=6,lr=0.05",0.667,0.7
XGB,18,"n=10,d=6,lr=0.1",0.923,0.775
XGB,18,"n=50,d=3,lr=0.05",0.923,0.85
XGB,18,"n=50,d=3,lr=0.1",0.923,0.796
XGB,18,"n=50,d=6,lr=0.05",0.923,0.85
XGB,18,"n=50,d=6,lr=0.1",0.923,0.796
XGB,18,"n=100,d=3,lr=0.05",0.923,0.825
XGB,18,"n=100,d=3,lr=0.1",0.974,0.796
XGB,18,"n=100,d=6,lr=0.05",0.923,0.825
XGB,18,"n=100,d=6,lr=0.1",0.974,0.796
CatBoost,18,"n=10,d=3,lr=0.05",0.821,0.775
CatBoost,18,"n=10,d=3,lr=0.1",0.795,0.775
CatBoost,18,"n=10,d=6,lr=0.05",0.923,0.721
CatBoost,18,"n=10,d=6,lr=0.1",0.923,0.696
CatBoost,18,"n=50,d=3,lr=0.05",0.897,0.746
CatBoost,18,"n=50,d=3,lr=0.1",0.949,0.746
CatBoost,18,"n=50,d=6,lr=0.05",0.897,0.721
CatBoost,18,"n=50,d=6,lr=0.1",0.949,0.771
CatBoost,18,"n=100,d=3,lr=0.05",0.923,0.746
CatBoost,18,"n=100,d=3,lr=0.1",0.974,0.793
CatBoost,18,"n=100,d=6,lr=0.05",0.974,0.796
CatBoost,18,"n=100,d=6,lr=0.1",1.0,0.743
LogReg,19,C=0.1,0.795,0.721
LogReg,19,C=1,0.872,0.793
LogReg,19,C=10,0.923,0.736
MLP,19,"h=(19,),relu",1.0,0.821
MLP,19,"h=(19,),tanh",1.0,0.764
MLP,19,"h=(19, 9),relu",1.0,0.793
MLP,19,"h=(19, 9),tanh",1.0,0.768
SVM,19,"C=1,linear",0.897,0.689
SVM,19,"C=1,rbf",0.872,0.721
SVM,19,"C=10,linear",0.974,0.739
SVM,19,"C=10,rbf",1.0,0.768
DT,19,"d=3,leaf=1",0.974,0.643
DT,19,"d=3,leaf=3",0.897,0.65
DT,19,"d=3,leaf=9",0.846,0.671
DT,19,"d=5,leaf=1",1.0,0.693
DT,19,"d=5,leaf=3",0.897,0.75
DT,19,"d=5,leaf=9",0.846,0.671
DT,19,"d=None,leaf=1",1.0,0.696
DT,19,"d=None,leaf=3",0.897,0.696
DT,19,"d=None,leaf=9",0.846,0.671
RF,19,"n=10,d=3,leaf=1",0.897,0.646
RF,19,"n=10,d=3,leaf=3",0.846,0.721
RF,19,"n=10,d=3,leaf=9",0.769,0.7
RF,19,"n=10,d=5,leaf=1",0.974,0.721
RF,19,"n=10,d=5,leaf=3",0.821,0.746
RF,19,"n=10,d=5,leaf=9",0.769,0.775
RF,19,"n=10,d=None,leaf=1",0.949,0.718
RF,19,"n=10,d=None,leaf=3",0.872,0.721
RF,19,"n=10,d=None,leaf=9",0.795,0.696
RF,19,"n=50,d=3,leaf=1",0.974,0.721
RF,19,"n=50,d=3,leaf=3",0.897,0.721
RF,19,"n=50,d=3,leaf=9",0.821,0.721
RF,19,"n=50,d=5,leaf=1",1.0,0.668
RF,19,"n=50,d=5,leaf=3",0.897,0.696
RF,19,"n=50,d=5,leaf=9",0.769,0.775
RF,19,"n=50,d=None,leaf=1",1.0,0.718
RF,19,"n=50,d=None,leaf=3",0.897,0.696
RF,19,"n=50,d=None,leaf=9",0.795,0.696
RF,19,"n=100,d=3,leaf=1",0.949,0.696
RF,19,"n=100,d=3,leaf=3",0.923,0.721
RF,19,"n=100,d=3,leaf=9",0.821,0.696
RF,19,"n=100,d=5,leaf=1",1.0,0.721
RF,19,"n=100,d=5,leaf=3",0.923,0.721
RF,19,"n=100,d=5,leaf=9",0.769,0.721
RF,19,"n=100,d=None,leaf=1",1.0,0.696
RF,19,"n=100,d=None,leaf=3",0.923,0.721
RF,19,"n=100,d=None,leaf=9",0.821,0.696
XGB,19,"n=10,d=3,lr=0.05",0.667,0.7
XGB,19,"n=10,d=3,lr=0.1",0.923,0.775
XGB,19,"n=10,d=6,lr=0.05",0.667,0.7
XGB,19,"n=10,d=6,lr=0.1",0.923,0.775
XGB,19,"n=50,d=3,lr=0.05",0.923,0.85
XGB,19,"n=50,d=3,lr=0.1",0.923,0.796
XGB,19,"n=50,d=6,lr=0.05",0.923,0.85
XGB,19,"n=50,d=6,lr=0.1",0.923,0.796
XGB,19,"n=100,d=3,lr=0.05",0.923,0.825
XGB,19,"n=100,d=3,lr=0.1",0.974,0.796
XGB,19,"n=100,d=6,lr=0.05",0.923,0.825
XGB,19,"n=100,d=6,lr=0.1",0.974,0.796
CatBoost,19,"n=10,d=3,lr=0.05",0.846,0.771
CatBoost,19,"n=10,d=3,lr=0.1",0.846,0.771
CatBoost,19,"n=10,d=6,lr=0.05",0.923,0.746
CatBoost,19,"n=10,d=6,lr=0.1",0.923,0.746
CatBoost,19,"n=50,d=3,lr=0.05",0.897,0.746
CatBoost,19,"n=50,d=3,lr=0.1",0.897,0.721
CatBoost,19,"n=50,d=6,lr=0.05",0.923,0.746
CatBoost,19,"n=50,d=6,lr=0.1",0.974,0.821
CatBoost,19,"n=100,d=3,lr=0.05",0.923,0.721
CatBoost,19,"n=100,d=3,lr=0.1",0.974,0.793
CatBoost,19,"n=100,d=6,lr=0.05",0.974,0.771
CatBoost,19,"n=100,d=6,lr=0.1",1.0,0.768
LogReg,20,C=0.1,0.795,0.721
LogReg,20,C=1,0.872,0.793
LogReg,20,C=10,0.949,0.736
MLP,20,"h=(20,),relu",1.0,0.764
MLP,20,"h=(20,),tanh",1.0,0.739
MLP,20,"h=(20, 10),relu",1.0,0.739
MLP,20,"h=(20, 10),tanh",1.0,0.764
SVM,20,"C=1,linear",0.897,0.714
SVM,20,"C=1,rbf",0.872,0.721
SVM,20,"C=10,linear",0.974,0.768
SVM,20,"C=10,rbf",1.0,0.768
DT,20,"d=3,leaf=1",0.974,0.668
DT,20,"d=3,leaf=3",0.897,0.746
DT,20,"d=3,leaf=9",0.846,0.646
DT,20,"d=5,leaf=1",1.0,0.746
DT,20,"d=5,leaf=3",0.897,0.7
DT,20,"d=5,leaf=9",0.846,0.646
DT,20,"d=None,leaf=1",1.0,0.721
DT,20,"d=None,leaf=3",0.897,0.696
DT,20,"d=None,leaf=9",0.846,0.646
RF,20,"n=10,d=3,leaf=1",0.923,0.7
RF,20,"n=10,d=3,leaf=3",0.872,0.721
RF,20,"n=10,d=3,leaf=9",0.795,0.646
RF,20,"n=10,d=5,leaf=1",0.974,0.693
RF,20,"n=10,d=5,leaf=3",0.872,0.721
RF,20,"n=10,d=5,leaf=9",0.744,0.696
RF,20,"n=10,d=None,leaf=1",1.0,0.75
RF,20,"n=10,d=None,leaf=3",0.949,0.696
RF,20,"n=10,d=None,leaf=9",0.795,0.696
RF,20,"n=50,d=3,leaf=1",0.974,0.696
RF,20,"n=50,d=3,leaf=3",0.923,0.721
RF,20,"n=50,d=3,leaf=9",0.821,0.746
RF,20,"n=50,d=5,leaf=1",1.0,0.668
RF,20,"n=50,d=5,leaf=3",0.923,0.696
RF,20,"n=50,d=5,leaf=9",0.769,0.725
RF,20,"n=50,d=None,leaf=1",1.0,0.671
RF,20,"n=50,d=None,leaf=3",0.897,0.671
RF,20,"n=50,d=None,leaf=9",0.795,0.8
RF,20,"n=100,d=3,leaf=1",0.949,0.721
RF,20,"n=100,d=3,leaf=3",0.923,0.721
RF,20,"n=100,d=3,leaf=9",0.795,0.721
RF,20,"n=100,d=5,leaf=1",1.0,0.721
RF,20,"n=100,d=5,leaf=3",0.923,0.696
RF,20,"n=100,d=5,leaf=9",0.769,0.746
RF,20,"n=100,d=None,leaf=1",1.0,0.671
RF,20,"n=100,d=None,leaf=3",0.923,0.696
RF,20,"n=100,d=None,leaf=9",0.744,0.796
XGB,20,"n=10,d=3,lr=0.05",0.667,0.7
XGB,20,"n=10,d=3,lr=0.1",0.923,0.775
XGB,20,"n=10,d=6,lr=0.05",0.667,0.7
XGB,20,"n=10,d=6,lr=0.1",0.923,0.775
XGB,20,"n=50,d=3,lr=0.05",0.923,0.825
XGB,20,"n=50,d=3,lr=0.1",0.923,0.771
XGB,20,"n=50,d=6,lr=0.05",0.923,0.825
XGB,20,"n=50,d=6,lr=0.1",0.923,0.771
XGB,20,"n=100,d=3,lr=0.05",0.923,0.8
XGB,20,"n=100,d=3,lr=0.1",0.974,0.796
XGB,20,"n=100,d=6,lr=0.05",0.923,0.8
XGB,20,"n=100,d=6,lr=0.1",0.974,0.796
CatBoost,20,"n=10,d=3,lr=0.05",0.897,0.8
CatBoost,20,"n=10,d=3,lr=0.1",0.897,0.8
CatBoost,20,"n=10,d=6,lr=0.05",1.0,0.75
CatBoost,20,"n=10,d=6,lr=0.1",0.974,0.721
CatBoost,20,"n=50,d=3,lr=0.05",0.949,0.746
CatBoost,20,"n=50,d=3,lr=0.1",1.0,0.768
CatBoost,20,"n=50,d=6,lr=0.05",1.0,0.821
CatBoost,20,"n=50,d=6,lr=0.1",1.0,0.768
CatBoost,20,"n=100,d=3,lr=0.05",1.0,0.768
CatBoost,20,"n=100,d=3,lr=0.1",1.0,0.743
CatBoost,20,"n=100,d=6,lr=0.05",1.0,0.768
CatBoost,20,"n=100,d=6,lr=0.1",1.0,0.768
LogReg,21,C=0.1,0.795,0.721
LogReg,21,C=1,0.872,0.793
LogReg,21,C=10,0.949,0.764
MLP,21,"h=(21,),relu",1.0,0.764
MLP,21,"h=(21,),tanh",1.0,0.793
MLP,21,"h=(21, 10),relu",1.0,0.761
MLP,21,"h=(21, 10),tanh",1.0,0.761
SVM,21,"C=1,linear",0.897,0.739
SVM,21,"C=1,rbf",0.872,0.746
SVM,21,"C=10,linear",0.974,0.768
SVM,21,"C=10,rbf",1.0,0.768
DT,21,"d=3,leaf=1",0.974,0.714
DT,21,"d=3,leaf=3",0.897,0.671
DT,21,"d=3,leaf=9",0.846,0.646
DT,21,"d=5,leaf=1",1.0,0.693
DT,21,"d=5,leaf=3",0.897,0.725
DT,21,"d=5,leaf=9",0.846,0.646
DT,21,"d=None,leaf=1",1.0,0.746
DT,21,"d=None,leaf=3",0.897,0.725
DT,21,"d=None,leaf=9",0.846,0.646
RF,21,"n=10,d=3,leaf=1",0.897,0.664
RF,21,"n=10,d=3,leaf=3",0.897,0.746
RF,21,"n=10,d=3,leaf=9",0.821,0.696
RF,21,"n=10,d=5,leaf=1",0.949,0.7
RF,21,"n=10,d=5,leaf=3",0.897,0.671
RF,21,"n=10,d=5,leaf=9",0.769,0.696
RF,21,"n=10,d=None,leaf=1",0.949,0.696
RF,21,"n=10,d=None,leaf=3",0.949,0.65
RF,21,"n=10,d=None,leaf=9",0.769,0.725
RF,21,"n=50,d=3,leaf=1",0.949,0.696
RF,21,"n=50,d=3,leaf=3",0.923,0.696
RF,21,"n=50,d=3,leaf=9",0.769,0.746
RF,21,"n=50,d=5,leaf=1",1.0,0.696
RF,21,"n=50,d=5,leaf=3",0.923,0.696
RF,21,"n=50,d=5,leaf=9",0.795,0.696
RF,21,"n=50,d=None,leaf=1",1.0,0.668
RF,21,"n=50,d=None,leaf=3",0.923,0.746
RF,21,"n=50,d=None,leaf=9",0.795,0.75
RF,21,"n=100,d=3,leaf=1",0.949,0.725
RF,21,"n=100,d=3,leaf=3",0.923,0.696
RF,21,"n=100,d=3,leaf=9",0.769,0.721
RF,21,"n=100,d=5,leaf=1",1.0,0.643
RF,21,"n=100,d=5,leaf=3",0.923,0.721
RF,21,"n=100,d=5,leaf=9",0.821,0.725
RF,21,"n=100,d=None,leaf=1",1.0,0.696
RF,21,"n=100,d=None,leaf=3",0.923,0.696
RF,21,"n=100,d=None,leaf=9",0.795,0.725
XGB,21,"n=10,d=3,lr=0.05",0.667,0.7
XGB,21,"n=10,d=3,lr=0.1",0.923,0.775
XGB,21,"n=10,d=6,lr=0.05",0.667,0.7
XGB,21,"n=10,d=6,lr=0.1",0.923,0.775
XGB,21,"n=50,d=3,lr=0.05",0.923,0.825
XGB,21,"n=50,d=3,lr=0.1",0.923,0.771
XGB,21,"n=50,d=6,lr=0.05",0.923,0.825
XGB,21,"n=50,d=6,lr=0.1",0.923,0.771
XGB,21,"n=100,d=3,lr=0.05",0.923,0.8
XGB,21,"n=100,d=3,lr=0.1",0.974,0.796
XGB,21,"n=100,d=6,lr=0.05",0.923,0.8
XGB,21,"n=100,d=6,lr=0.1",0.974,0.796
CatBoost,21,"n=10,d=3,lr=0.05",0.897,0.746
CatBoost,21,"n=10,d=3,lr=0.1",0.897,0.746
CatBoost,21,"n=10,d=6,lr=0.05",0.923,0.721
CatBoost,21,"n=10,d=6,lr=0.1",0.974,0.796
CatBoost,21,"n=50,d=3,lr=0.05",0.949,0.721
CatBoost,21,"n=50,d=3,lr=0.1",1.0,0.693
CatBoost,21,"n=50,d=6,lr=0.05",1.0,0.743
CatBoost,21,"n=50,d=6,lr=0.1",1.0,0.768
CatBoost,21,"n=100,d=3,lr=0.05",1.0,0.718
CatBoost,21,"n=100,d=3,lr=0.1",1.0,0.718
CatBoost,21,"n=100,d=6,lr=0.05",1.0,0.743
CatBoost,21,"n=100,d=6,lr=0.1",1.0,0.768
LogReg,22,C=0.1,0.795,0.75
LogReg,22,C=1,0.897,0.793
LogReg,22,C=10,0.974,0.736
MLP,22,"h=(22,),relu",1.0,0.793
MLP,22,"h=(22,),tanh",1.0,0.764
MLP,22,"h=(22, 11),relu",1.0,0.796
MLP,22,"h=(22, 11),tanh",1.0,0.739
SVM,22,"C=1,linear",0.897,0.739
SVM,22,"C=1,rbf",0.872,0.746
SVM,22,"C=10,linear",0.974,0.739
SVM,22,"C=10,rbf",1.0,0.739
DT,22,"d=3,leaf=1",0.974,0.693
DT,22,"d=3,leaf=3",0.897,0.696
DT,22,"d=3,leaf=9",0.846,0.596
DT,22,"d=5,leaf=1",1.0,0.743
DT,22,"d=5,leaf=3",0.897,0.7
DT,22,"d=5,leaf=9",0.846,0.596
DT,22,"d=None,leaf=1",1.0,0.718
DT,22,"d=None,leaf=3",0.897,0.75
DT,22,"d=None,leaf=9",0.846,0.646
RF,22,"n=10,d=3,leaf=1",0.974,0.693
RF,22,"n=10,d=3,leaf=3",0.872,0.725
RF,22,"n=10,d=3,leaf=9",0.744,0.671
RF,22,"n=10,d=5,leaf=1",0.974,0.614
RF,22,"n=10,d=5,leaf=3",0.897,0.646
RF,22,"n=10,d=5,leaf=9",0.769,0.671
RF,22,"n=10,d=None,leaf=1",0.974,0.618
RF,22,"n=10,d=None,leaf=3",0.872,0.696
RF,22,"n=10,d=None,leaf=9",0.795,0.696
RF,22,"n=50,d=3,leaf=1",0.974,0.725
RF,22,"n=50,d=3,leaf=3",0.872,0.671
RF,22,"n=50,d=3,leaf=9",0.821,0.696
RF,22,"n=50,d=5,leaf=1",1.0,0.696
RF,22,"n=50,d=5,leaf=3",0.923,0.646
RF,22,"n=50,d=5,leaf=9",0.872,0.721
RF,22,"n=50,d=None,leaf=1",1.0,0.668
RF,22,"n=50,d=None,leaf=3",0.897,0.721
RF,22,"n=50,d=None,leaf=9",0.795,0.725
RF,22,"n=100,d=3,leaf=1",0.949,0.696
RF,22,"n=100,d=3,leaf=3",0.923,0.696
RF,22,"n=100,d=3,leaf=9",0.769,0.771
RF,22,"n=100,d=5,leaf=1",1.0,0.721
RF,22,"n=100,d=5,leaf=3",0.897,0.721
RF,22,"n=100,d=5,leaf=9",0.795,0.721
RF,22,"n=100,d=None,leaf=1",1.0,0.643
RF,22,"n=100,d=None,leaf=3",0.923,0.721
RF,22,"n=100,d=None,leaf=9",0.821,0.721
XGB,22,"n=10,d=3,lr=0.05",0.667,0.7
XGB,22,"n=10,d=3,lr=0.1",0.923,0.775
XGB,22,"n=10,d=6,lr=0.05",0.667,0.7
XGB,22,"n=10,d=6,lr=0.1",0.923,0.775
XGB,22,"n=50,d=3,lr=0.05",0.923,0.825
XGB,22,"n=50,d=3,lr=0.1",0.923,0.771
XGB,22,"n=50,d=6,lr=0.05",0.923,0.825
XGB,22,"n=50,d=6,lr=0.1",0.923,0.771
XGB,22,"n=100,d=3,lr=0.05",0.923,0.8
XGB,22,"n=100,d=3,lr=0.1",0.974,0.796
XGB,22,"n=100,d=6,lr=0.05",0.923,0.8
XGB,22,"n=100,d=6,lr=0.1",0.974,0.796
CatBoost,22,"n=10,d=3,lr=0.05",0.897,0.725
CatBoost,22,"n=10,d=3,lr=0.1",0.897,0.721
CatBoost,22,"n=10,d=6,lr=0.05",0.949,0.821
CatBoost,22,"n=10,d=6,lr=0.1",0.949,0.825
CatBoost,22,"n=50,d=3,lr=0.05",0.949,0.721
CatBoost,22,"n=50,d=3,lr=0.1",1.0,0.721
CatBoost,22,"n=50,d=6,lr=0.05",1.0,0.768
CatBoost,22,"n=50,d=6,lr=0.1",1.0,0.743
CatBoost,22,"n=100,d=3,lr=0.05",1.0,0.718
CatBoost,22,"n=100,d=3,lr=0.1",1.0,0.768
CatBoost,22,"n=100,d=6,lr=0.05",1.0,0.793
CatBoost,22,"n=100,d=6,lr=0.1",1.0,0.796
LogReg,23,C=0.1,0.795,0.75
LogReg,23,C=1,0.897,0.743
LogReg,23,C=10,0.974,0.736
MLP,23,"h=(23,),relu",1.0,0.771
MLP,23,"h=(23,),tanh",1.0,0.764
MLP,23,"h=(23, 11),relu",1.0,0.739
MLP,23,"h=(23, 11),tanh",1.0,0.739
SVM,23,"C=1,linear",0.897,0.714
SVM,23,"C=1,rbf",0.872,0.746
SVM,23,"C=10,linear",0.974,0.711
SVM,23,"C=10,rbf",0.974,0.793
DT,23,"d=3,leaf=1",0.974,0.714
DT,23,"d=3,leaf=3",0.897,0.696
DT,23,"d=3,leaf=9",0.846,0.646
DT,23,"d=5,leaf=1",1.0,0.718
DT,23,"d=5,leaf=3",0.897,0.725
DT,23,"d=5,leaf=9",0.846,0.646
DT,23,"d=None,leaf=1",1.0,0.8
DT,23,"d=None,leaf=3",0.897,0.746
DT,23,"d=None,leaf=9",0.846,0.646
RF,23,"n=10,d=3,leaf=1",0.897,0.696
RF,23,"n=10,d=3,leaf=3",0.897,0.725
RF,23,"n=10,d=3,leaf=9",0.821,0.696
RF,23,"n=10,d=5,leaf=1",1.0,0.721
RF,23,"n=10,d=5,leaf=3",0.923,0.725
RF,23,"n=10,d=5,leaf=9",0.795,0.693
RF,23,"n=10,d=None,leaf=1",0.974,0.671
RF,23,"n=10,d=None,leaf=3",0.897,0.668
RF,23,"n=10,d=None,leaf=9",0.667,0.696
RF,23,"n=50,d=3,leaf=1",0.974,0.693
RF,23,"n=50,d=3,leaf=3",0.923,0.721
RF,23,"n=50,d=3,leaf=9",0.795,0.721
RF,23,"n=50,d=5,leaf=1",0.974,0.721
RF,23,"n=50,d=5,leaf=3",0.897,0.696
RF,23,"n=50,d=5,leaf=9",0.795,0.671
RF,23,"n=50,d=None,leaf=1",1.0,0.725
RF,23,"n=50,d=None,leaf=3",0.923,0.721
RF,23,"n=50,d=None,leaf=9",0.744,0.771
RF,23,"n=100,d=3,leaf=1",0.974,0.721
RF,23,"n=100,d=3,leaf=3",0.923,0.721
RF,23,"n=100,d=3,leaf=9",0.795,0.721
RF,23,"n=100,d=5,leaf=1",1.0,0.671
RF,23,"n=100,d=5,leaf=3",0.923,0.696
RF,23,"n=100,d=5,leaf=9",0.795,0.696
RF,23,"n=100,d=None,leaf=1",1.0,0.721
RF,23,"n=100,d=None,leaf=3",0.923,0.696
RF,23,"n=100,d=None,leaf=9",0.795,0.696
XGB,23,"n=10,d=3,lr=0.05",0.718,0.7
XGB,23,"n=10,d=3,lr=0.1",0.949,0.825
XGB,23,"n=10,d=6,lr=0.05",0.718,0.7
XGB,23,"n=10,d=6,lr=0.1",0.949,0.825
XGB,23,"n=50,d=3,lr=0.05",0.923,0.825
XGB,23,"n=50,d=3,lr=0.1",0.923,0.746
XGB,23,"n=50,d=6,lr=0.05",0.923,0.825
XGB,23,"n=50,d=6,lr=0.1",0.923,0.746
XGB,23,"n=100,d=3,lr=0.05",0.923,0.8
XGB,23,"n=100,d=3,lr=0.1",0.974,0.721
XGB,23,"n=100,d=6,lr=0.05",0.923,0.8
XGB,23,"n=100,d=6,lr=0.1",0.974,0.721
CatBoost,23,"n=10,d=3,lr=0.05",0.923,0.746
CatBoost,23,"n=10,d=3,lr=0.1",0.974,0.721
CatBoost,23,"n=10,d=6,lr=0.05",0.974,0.639
CatBoost,23,"n=10,d=6,lr=0.1",0.974,0.668
CatBoost,23,"n=50,d=3,lr=0.05",0.949,0.75
CatBoost,23,"n=50,d=3,lr=0.1",1.0,0.796
CatBoost,23,"n=50,d=6,lr=0.05",1.0,0.771
CatBoost,23,"n=50,d=6,lr=0.1",1.0,0.768
CatBoost,23,"n=100,d=3,lr=0.05",1.0,0.771
CatBoost,23,"n=100,d=3,lr=0.1",1.0,0.821
CatBoost,23,"n=100,d=6,lr=0.05",1.0,0.796
CatBoost,23,"n=100,d=6,lr=0.1",1.0,0.768
LogReg,24,C=0.1,0.795,0.75
LogReg,24,C=1,0.897,0.743
LogReg,24,C=10,0.974,0.736
MLP,24,"h=(24,),relu",1.0,0.768
MLP,24,"h=(24,),tanh",1.0,0.768
MLP,24,"h=(24, 12),relu",1.0,0.743
MLP,24,"h=(24, 12),tanh",1.0,0.739
SVM,24,"C=1,linear",0.897,0.714
SVM,24,"C=1,rbf",0.872,0.746
SVM,24,"C=10,linear",0.974,0.711
SVM,24,"C=10,rbf",0.974,0.793
DT,24,"d=3,leaf=1",0.974,0.75
DT,24,"d=3,leaf=3",0.897,0.775
DT,24,"d=3,leaf=9",0.846,0.646
DT,24,"d=5,leaf=1",1.0,0.721
DT,24,"d=5,leaf=3",0.897,0.775
DT,24,"d=5,leaf=9",0.846,0.646
DT,24,"d=None,leaf=1",1.0,0.775
DT,24,"d=None,leaf=3",0.897,0.746
DT,24,"d=None,leaf=9",0.846,0.646
RF,24,"n=10,d=3,leaf=1",0.949,0.696
RF,24,"n=10,d=3,leaf=3",0.821,0.696
RF,24,"n=10,d=3,leaf=9",0.744,0.671
RF,24,"n=10,d=5,leaf=1",0.974,0.768
RF,24,"n=10,d=5,leaf=3",0.872,0.696
RF,24,"n=10,d=5,leaf=9",0.821,0.671
RF,24,"n=10,d=None,leaf=1",0.949,0.721
RF,24,"n=10,d=None,leaf=3",0.923,0.664
RF,24,"n=10,d=None,leaf=9",0.744,0.671
RF,24,"n=50,d=3,leaf=1",0.923,0.721
RF,24,"n=50,d=3,leaf=3",0.923,0.721
RF,24,"n=50,d=3,leaf=9",0.795,0.696
RF,24,"n=50,d=5,leaf=1",1.0,0.696
RF,24,"n=50,d=5,leaf=3",0.897,0.696
RF,24,"n=50,d=5,leaf=9",0.795,0.696
RF,24,"n=50,d=None,leaf=1",1.0,0.746
RF,24,"n=50,d=None,leaf=3",0.897,0.696
RF,24,"n=50,d=None,leaf=9",0.795,0.696
RF,24,"n=100,d=3,leaf=1",0.949,0.721
RF,24,"n=100,d=3,leaf=3",0.923,0.721
RF,24,"n=100,d=3,leaf=9",0.795,0.746
RF,24,"n=100,d=5,leaf=1",1.0,0.721
RF,24,"n=100,d=5,leaf=3",0.923,0.721
RF,24,"n=100,d=5,leaf=9",0.769,0.696
RF,24,"n=100,d=None,leaf=1",1.0,0.668
RF,24,"n=100,d=None,leaf=3",0.949,0.721
RF,24,"n=100,d=None,leaf=9",0.821,0.696
XGB,24,"n=10,d=3,lr=0.05",0.718,0.7
XGB,24,"n=10,d=3,lr=0.1",0.949,0.825
XGB,24,"n=10,d=6,lr=0.05",0.718,0.7
XGB,24,"n=10,d=6,lr=0.1",0.949,0.825
XGB,24,"n=50,d=3,lr=0.05",0.923,0.825
XGB,24,"n=50,d=3,lr=0.1",0.923,0.721
XGB,24,"n=50,d=6,lr=0.05",0.923,0.825
XGB,24,"n=50,d=6,lr=0.1",0.923,0.721
XGB,24,"n=100,d=3,lr=0.05",0.923,0.8
XGB,24,"n=100,d=3,lr=0.1",0.974,0.721
XGB,24,"n=100,d=6,lr=0.05",0.923,0.8
XGB,24,"n=100,d=6,lr=0.1",0.974,0.721
CatBoost,24,"n=10,d=3,lr=0.05",0.897,0.721
CatBoost,24,"n=10,d=3,lr=0.1",0.897,0.75
CatBoost,24,"n=10,d=6,lr=0.05",0.974,0.721
CatBoost,24,"n=10,d=6,lr=0.1",0.949,0.746
CatBoost,24,"n=50,d=3,lr=0.05",1.0,0.721
CatBoost,24,"n=50,d=3,lr=0.1",1.0,0.771
CatBoost,24,"n=50,d=6,lr=0.05",1.0,0.771
CatBoost,24,"n=50,d=6,lr=0.1",1.0,0.796
CatBoost,24,"n=100,d=3,lr=0.05",1.0,0.796
CatBoost,24,"n=100,d=3,lr=0.1",1.0,0.768
CatBoost,24,"n=100,d=6,lr=0.05",1.0,0.771
CatBoost,24,"n=100,d=6,lr=0.1",1.0,0.796
LogReg,30,C=0.1,0.795,0.75
LogReg,30,C=1,0.897,0.743
LogReg,30,C=10,0.974,0.736
MLP,30,"h=(30,),relu",1.0,0.768
MLP,30,"h=(30,),tanh",1.0,0.764
MLP,30,"h=(30, 15),relu",1.0,0.793
MLP,30,"h=(30, 15),tanh",1.0,0.739
SVM,30,"C=1,linear",0.897,0.743
SVM,30,"C=1,rbf",0.872,0.721
SVM,30,"C=10,linear",0.974,0.736
SVM,30,"C=10,rbf",1.0,0.793
DT,30,"d=3,leaf=1",0.974,0.718
DT,30,"d=3,leaf=3",0.897,0.746
DT,30,"d=3,leaf=9",0.846,0.646
DT,30,"d=5,leaf=1",1.0,0.746
DT,30,"d=5,leaf=3",0.897,0.775
DT,30,"d=5,leaf=9",0.846,0.646
DT,30,"d=None,leaf=1",1.0,0.693
DT,30,"d=None,leaf=3",0.897,0.696
DT,30,"d=None,leaf=9",0.846,0.596
RF,30,"n=10,d=3,leaf=1",0.897,0.568
RF,30,"n=10,d=3,leaf=3",0.897,0.771
RF,30,"n=10,d=3,leaf=9",0.769,0.696
RF,30,"n=10,d=5,leaf=1",0.974,0.75
RF,30,"n=10,d=5,leaf=3",0.872,0.696
RF,30,"n=10,d=5,leaf=9",0.769,0.725
RF,30,"n=10,d=None,leaf=1",1.0,0.718
RF,30,"n=10,d=None,leaf=3",0.872,0.696
RF,30,"n=10,d=None,leaf=9",0.821,0.671
RF,30,"n=50,d=3,leaf=1",0.949,0.721
RF,30,"n=50,d=3,leaf=3",0.846,0.696
RF,30,"n=50,d=3,leaf=9",0.795,0.721
RF,30,"n=50,d=5,leaf=1",0.974,0.671
RF,30,"n=50,d=5,leaf=3",0.949,0.696
RF,30,"n=50,d=5,leaf=9",0.769,0.775
RF,30,"n=50,d=None,leaf=1",1.0,0.725
RF,30,"n=50,d=None,leaf=3",0.923,0.75
RF,30,"n=50,d=None,leaf=9",0.769,0.746
RF,30,"n=100,d=3,leaf=1",1.0,0.671
RF,30,"n=100,d=3,leaf=3",0.897,0.721
RF,30,"n=100,d=3,leaf=9",0.795,0.671
RF,30,"n=100,d=5,leaf=1",1.0,0.696
RF,30,"n=100,d=5,leaf=3",0.897,0.671
RF,30,"n=100,d=5,leaf=9",0.744,0.721
RF,30,"n=100,d=None,leaf=1",1.0,0.696
RF,30,"n=100,d=None,leaf=3",0.923,0.671
RF,30,"n=100,d=None,leaf=9",0.795,0.721
XGB,30,"n=10,d=3,lr=0.05",0.769,0.7
XGB,30,"n=10,d=3,lr=0.1",0.923,0.8
XGB,30,"n=10,d=6,lr=0.05",0.769,0.7
XGB,30,"n=10,d=6,lr=0.1",0.923,0.8
XGB,30,"n=50,d=3,lr=0.05",0.923,0.825
XGB,30,"n=50,d=3,lr=0.1",0.923,0.721
XGB,30,"n=50,d=6,lr=0.05",0.923,0.825
XGB,30,"n=50,d=6,lr=0.1",0.949,0.721
XGB,30,"n=100,d=3,lr=0.05",0.923,0.8
XGB,30,"n=100,d=3,lr=0.1",1.0,0.696
XGB,30,"n=100,d=6,lr=0.05",0.923,0.8
XGB,30,"n=100,d=6,lr=0.1",0.974,0.696
CatBoost,30,"n=10,d=3,lr=0.05",0.897,0.671
CatBoost,30,"n=10,d=3,lr=0.1",0.923,0.671
CatBoost,30,"n=10,d=6,lr=0.05",0.923,0.8
CatBoost,30,"n=10,d=6,lr=0.1",0.949,0.75
CatBoost,30,"n=50,d=3,lr=0.05",1.0,0.771
CatBoost,30,"n=50,d=3,lr=0.1",1.0,0.746
CatBoost,30,"n=50,d=6,lr=0.05",1.0,0.85
CatBoost,30,"n=50,d=6,lr=0.1",1.0,0.825
CatBoost,30,"n=100,d=3,lr=0.05",1.0,0.771
CatBoost,30,"n=100,d=3,lr=0.1",1.0,0.825
CatBoost,30,"n=100,d=6,lr=0.05",1.0,0.85
CatBoost,30,"n=100,d=6,lr=0.1",1.0,0.85
LogReg,40,C=0.1,0.795,0.775
LogReg,40,C=1,0.897,0.664
LogReg,40,C=10,0.974,0.711
MLP,40,"h=(40,),relu",1.0,0.764
MLP,40,"h=(40,),tanh",1.0,0.686
MLP,40,"h=(40, 20),relu",1.0,0.689
MLP,40,"h=(40, 20),tanh",1.0,0.711
SVM,40,"C=1,linear",0.923,0.714
SVM,40,"C=1,rbf",0.897,0.775
SVM,40,"C=10,linear",0.974,0.636
SVM,40,"C=10,rbf",1.0,0.743
DT,40,"d=3,leaf=1",0.897,0.693
DT,40,"d=3,leaf=3",0.872,0.718
DT,40,"d=3,leaf=9",0.846,0.693
DT,40,"d=5,leaf=1",1.0,0.643
DT,40,"d=5,leaf=3",0.949,0.743
DT,40,"d=5,leaf=9",0.846,0.643
DT,40,"d=None,leaf=1",1.0,0.671
DT,40,"d=None,leaf=3",0.949,0.718
DT,40,"d=None,leaf=9",0.846,0.693
RF,40,"n=10,d=3,leaf=1",0.949,0.85
RF,40,"n=10,d=3,leaf=3",0.923,0.696
RF,40,"n=10,d=3,leaf=9",0.846,0.618
RF,40,"n=10,d=5,leaf=1",0.974,0.668
RF,40,"n=10,d=5,leaf=3",0.949,0.718
RF,40,"n=10,d=5,leaf=9",0.795,0.671
RF,40,"n=10,d=None,leaf=1",0.974,0.746
RF,40,"n=10,d=None,leaf=3",0.923,0.721
RF,40,"n=10,d=None,leaf=9",0.769,0.671
RF,40,"n=50,d=3,leaf=1",0.974,0.671
RF,40,"n=50,d=3,leaf=3",0.949,0.721
RF,40,"n=50,d=3,leaf=9",0.795,0.696
RF,40,"n=50,d=5,leaf=1",1.0,0.671
RF,40,"n=50,d=5,leaf=3",0.949,0.696
RF,40,"n=50,d=5,leaf=9",0.795,0.771
RF,40,"n=50,d=None,leaf=1",1.0,0.7
RF,40,"n=50,d=None,leaf=3",0.949,0.721
RF,40,"n=50,d=None,leaf=9",0.846,0.721
RF,40,"n=100,d=3,leaf=1",0.949,0.671
RF,40,"n=100,d=3,leaf=3",0.923,0.771
RF,40,"n=100,d=3,leaf=9",0.769,0.721
RF,40,"n=100,d=5,leaf=1",1.0,0.743
RF,40,"n=100,d=5,leaf=3",0.949,0.75
RF,40,"n=100,d=5,leaf=9",0.769,0.696
RF,40,"n=100,d=None,leaf=1",1.0,0.721
RF,40,"n=100,d=None,leaf=3",0.923,0.696
RF,40,"n=100,d=None,leaf=9",0.795,0.746
XGB,40,"n=10,d=3,lr=0.05",0.795,0.643
XGB,40,"n=10,d=3,lr=0.1",0.897,0.643
XGB,40,"n=10,d=6,lr=0.05",0.795,0.643
XGB,40,"n=10,d=6,lr=0.1",0.897,0.643
XGB,40,"n=50,d=3,lr=0.05",0.974,0.718
XGB,40,"n=50,d=3,lr=0.1",1.0,0.693
XGB,40,"n=50,d=6,lr=0.05",0.974,0.718
XGB,40,"n=50,d=6,lr=0.1",1.0,0.693
XGB,40,"n=100,d=3,lr=0.05",0.974,0.693
XGB,40,"n=100,d=3,lr=0.1",1.0,0.668
XGB,40,"n=100,d=6,lr=0.05",0.974,0.693
XGB,40,"n=100,d=6,lr=0.1",1.0,0.668
CatBoost,40,"n=10,d=3,lr=0.05",0.923,0.746
CatBoost,40,"n=10,d=3,lr=0.1",0.949,0.746
CatBoost,40,"n=10,d=6,lr=0.05",0.949,0.721
CatBoost,40,"n=10,d=6,lr=0.1",0.974,0.721
CatBoost,40,"n=50,d=3,lr=0.05",1.0,0.775
CatBoost,40,"n=50,d=3,lr=0.1",1.0,0.743
CatBoost,40,"n=50,d=6,lr=0.05",1.0,0.821
CatBoost,40,"n=50,d=6,lr=0.1",1.0,0.771
CatBoost,40,"n=100,d=3,lr=0.05",1.0,0.796
CatBoost,40,"n=100,d=3,lr=0.1",1.0,0.718
CatBoost,40,"n=100,d=6,lr=0.05",1.0,0.743
CatBoost,40,"n=100,d=6,lr=0.1",1.0,0.746
LogReg,50,C=0.1,0.795,0.725
LogReg,50,C=1,0.923,0.661
LogReg,50,C=10,0.974,0.711
MLP,50,"h=(50,),relu",1.0,0.743
MLP,50,"h=(50,),tanh",1.0,0.711
MLP,50,"h=(50, 25),relu",1.0,0.739
MLP,50,"h=(50, 25),tanh",1.0,0.686
SVM,50,"C=1,linear",0.949,0.714
SVM,50,"C=1,rbf",0.872,0.7
SVM,50,"C=10,linear",0.974,0.661
SVM,50,"C=10,rbf",0.974,0.743
DT,50,"d=3,leaf=1",0.897,0.668
DT,50,"d=3,leaf=3",0.872,0.718
DT,50,"d=3,leaf=9",0.846,0.643
DT,50,"d=5,leaf=1",1.0,0.618
DT,50,"d=5,leaf=3",0.949,0.718
DT,50,"d=5,leaf=9",0.846,0.643
DT,50,"d=None,leaf=1",1.0,0.618
DT,50,"d=None,leaf=3",0.949,0.718
DT,50,"d=None,leaf=9",0.846,0.643
RF,50,"n=10,d=3,leaf=1",0.923,0.725
RF,50,"n=10,d=3,leaf=3",0.897,0.696
RF,50,"n=10,d=3,leaf=9",0.744,0.746
RF,50,"n=10,d=5,leaf=1",0.974,0.8
RF,50,"n=10,d=5,leaf=3",0.923,0.721
RF,50,"n=10,d=5,leaf=9",0.795,0.671
RF,50,"n=10,d=None,leaf=1",1.0,0.721
RF,50,"n=10,d=None,leaf=3",0.923,0.718
RF,50,"n=10,d=None,leaf=9",0.795,0.725
RF,50,"n=50,d=3,leaf=1",0.974,0.775
RF,50,"n=50,d=3,leaf=3",0.923,0.75
RF,50,"n=50,d=3,leaf=9",0.795,0.746
RF,50,"n=50,d=5,leaf=1",1.0,0.725
RF,50,"n=50,d=5,leaf=3",0.949,0.721
RF,50,"n=50,d=5,leaf=9",0.795,0.746
RF,50,"n=50,d=None,leaf=1",1.0,0.696
RF,50,"n=50,d=None,leaf=3",0.923,0.696
RF,50,"n=50,d=None,leaf=9",0.795,0.721
RF,50,"n=100,d=3,leaf=1",1.0,0.696
RF,50,"n=100,d=3,leaf=3",0.923,0.696
RF,50,"n=100,d=3,leaf=9",0.795,0.721
RF,50,"n=100,d=5,leaf=1",1.0,0.671
RF,50,"n=100,d=5,leaf=3",0.949,0.696
RF,50,"n=100,d=5,leaf=9",0.821,0.746
RF,50,"n=100,d=None,leaf=1",1.0,0.8
RF,50,"n=100,d=None,leaf=3",0.923,0.75
RF,50,"n=100,d=None,leaf=9",0.795,0.696
XGB,50,"n=10,d=3,lr=0.05",0.795,0.643
XGB,50,"n=10,d=3,lr=0.1",0.897,0.643
XGB,50,"n=10,d=6,lr=0.05",0.795,0.643
XGB,50,"n=10,d=6,lr=0.1",0.897,0.643
XGB,50,"n=50,d=3,lr=0.05",0.974,0.718
XGB,50,"n=50,d=3,lr=0.1",1.0,0.693
XGB,50,"n=50,d=6,lr=0.05",0.974,0.718
XGB,50,"n=50,d=6,lr=0.1",1.0,0.693
XGB,50,"n=100,d=3,lr=0.05",0.974,0.693
XGB,50,"n=100,d=3,lr=0.1",1.0,0.668
XGB,50,"n=100,d=6,lr=0.05",0.974,0.693
XGB,50,"n=100,d=6,lr=0.1",1.0,0.668
CatBoost,50,"n=10,d=3,lr=0.05",0.923,0.771
CatBoost,50,"n=10,d=3,lr=0.1",0.897,0.721
CatBoost,50,"n=10,d=6,lr=0.05",0.974,0.746
CatBoost,50,"n=10,d=6,lr=0.1",1.0,0.746
CatBoost,50,"n=50,d=3,lr=0.05",1.0,0.746
CatBoost,50,"n=50,d=3,lr=0.1",1.0,0.718
CatBoost,50,"n=50,d=6,lr=0.05",1.0,0.768
CatBoost,50,"n=50,d=6,lr=0.1",1.0,0.768
CatBoost,50,"n=100,d=3,lr=0.05",1.0,0.796
CatBoost,50,"n=100,d=3,lr=0.1",1.0,0.693
CatBoost,50,"n=100,d=6,lr=0.05",1.0,0.771
CatBoost,50,"n=100,d=6,lr=0.1",1.0,0.768
